person_id,day_of_birth,month_of_birth,year_of_birth,day_of_death,month_of_death,year_of_death,sex_at_instance_creation,race,country_of_birth,quality
ConCDM_SIM_200421_00001,12,9,1967,,,,F,,,reliable
ConCDM_SIM_200421_00002,2,11,1968,,,,M,,,reliable
ConCDM_SIM_200421_00003,19,11,1989,,,,M,,,reliable
ConCDM_SIM_200421_00004,24,10,1973,,,,M,,,reliable
ConCDM_SIM_200421_00005,25,3,1982,,,,F,,,reliable
ConCDM_SIM_200421_00006,15,5,1951,,,,F,,,reliable
ConCDM_SIM_200421_00007,21,4,1967,,,,F,,,reliable
ConCDM_SIM_200421_00008,19,12,1974,,,,M,,,reliable
ConCDM_SIM_200421_00009,4,8,1956,,,,F,,,reliable
ConCDM_SIM_200421_00010,25,2,1988,,,,F,,,reliable
ConCDM_SIM_200421_00011,12,1,1967,,,,F,,,reliable
ConCDM_SIM_200421_00012,26,10,1957,,,,F,,,reliable
ConCDM_SIM_200421_00013,16,11,1950,,,,F,,,reliable
ConCDM_SIM_200421_00014,10,9,1988,,,,F,,,reliable
ConCDM_SIM_200421_00015,19,11,1967,,,,F,,,reliable
ConCDM_SIM_200421_00016,28,7,1959,,,,F,,,reliable
ConCDM_SIM_200421_00017,11,5,1999,,,,F,,,reliable
ConCDM_SIM_200421_00018,12,1,1967,,,,F,,,reliable
ConCDM_SIM_200421_00019,19,10,1968,,,,F,,,reliable
ConCDM_SIM_200421_00020,9,12,1983,,,,M,,,reliable
ConCDM_SIM_200421_00021,22,1,1979,,,,M,,,reliable
ConCDM_SIM_200421_00022,4,12,1975,,,,M,,,reliable
ConCDM_SIM_200421_00023,14,5,1966,,,,F,,,reliable
ConCDM_SIM_200421_00024,22,2,1980,,,,M,,,reliable
ConCDM_SIM_200421_00025,13,9,1974,,,,M,,,reliable
ConCDM_SIM_200421_00026,23,2,1982,,,,F,,,reliable
ConCDM_SIM_200421_00027,9,1,2002,,,,M,,,reliable
ConCDM_SIM_200421_00028,1,6,2007,,,,M,,,reliable
ConCDM_SIM_200421_00029,24,5,1964,,,,F,,,reliable
ConCDM_SIM_200421_00030,12,6,1957,,,,F,,,reliable
ConCDM_SIM_200421_00031,25,5,1960,,,,F,,,reliable
ConCDM_SIM_200421_00032,13,11,1957,,,,F,,,reliable
ConCDM_SIM_200421_00033,8,1,1957,,,,M,,,reliable
ConCDM_SIM_200421_00034,6,5,1976,,,,M,,,reliable
ConCDM_SIM_200421_00035,28,12,1952,,,,M,,,reliable
ConCDM_SIM_200421_00036,4,8,1961,,,,F,,,reliable
ConCDM_SIM_200421_00037,19,10,1968,,,,F,,,reliable
ConCDM_SIM_200421_00038,22,6,1992,,,,F,,,reliable
ConCDM_SIM_200421_00039,1,10,1970,,,,F,,,reliable
ConCDM_SIM_200421_00040,26,10,1957,,,,M,,,reliable
ConCDM_SIM_200421_00041,14,11,1957,,,,F,,,reliable
ConCDM_SIM_200421_00042,11,3,1999,,,,F,,,reliable
ConCDM_SIM_200421_00043,23,9,1973,,,,M,,,reliable
ConCDM_SIM_200421_00044,23,1,1982,,,,F,,,reliable
ConCDM_SIM_200421_00045,26,10,1957,,,,M,,,reliable
ConCDM_SIM_200421_00046,1,5,1990,,,,F,,,reliable
ConCDM_SIM_200421_00047,18,7,1981,,,,F,,,reliable
ConCDM_SIM_200421_00048,12,4,1967,,,,M,,,reliable
ConCDM_SIM_200421_00049,21,5,1968,,,,M,,,reliable
ConCDM_SIM_200421_00050,29,3,1975,,,,M,,,reliable
ConCDM_SIM_200421_00051,12,4,1967,,,,M,,,reliable
ConCDM_SIM_200421_00052,4,9,1982,,,,F,,,reliable
ConCDM_SIM_200421_00053,19,8,1954,,,,F,,,reliable
ConCDM_SIM_200421_00054,1,6,1967,,,,F,,,reliable
ConCDM_SIM_200421_00055,7,8,1983,,,,M,,,reliable
ConCDM_SIM_200421_00056,14,5,2010,,,,M,,,reliable
ConCDM_SIM_200421_00058,5,6,1978,,,,F,,,reliable
ConCDM_SIM_200421_00059,28,3,1972,,,,F,,,reliable
ConCDM_SIM_200421_00060,25,11,1983,,,,F,,,reliable
ConCDM_SIM_200421_00061,26,10,1999,,,,F,,,reliable
ConCDM_SIM_200421_00062,12,6,1988,,,,F,,,reliable
ConCDM_SIM_200421_00063,30,10,1969,,,,F,,,reliable
ConCDM_SIM_200421_00064,14,2,1967,,,,F,,,reliable
ConCDM_SIM_200421_00065,3,5,1981,,,,F,,,reliable
ConCDM_SIM_200421_00066,11,5,1954,,,,F,,,reliable
ConCDM_SIM_200421_00067,5,6,1979,,,,F,,,reliable
ConCDM_SIM_200421_00068,14,5,2010,,,,F,,,reliable
ConCDM_SIM_200421_00069,29,5,1971,,,,F,,,reliable
ConCDM_SIM_200421_00070,3,7,1968,,,,M,,,reliable
ConCDM_SIM_200421_00071,4,3,1957,,,,F,,,reliable
ConCDM_SIM_200421_00072,28,11,1975,,,,M,,,reliable
ConCDM_SIM_200421_00073,31,12,1971,,,,F,,,reliable
ConCDM_SIM_200421_00074,29,7,1980,,,,F,,,reliable
ConCDM_SIM_200421_00075,14,8,1969,,,,F,,,reliable
ConCDM_SIM_200421_00076,19,12,1974,,,,M,,,reliable
ConCDM_SIM_200421_00077,18,11,1954,,,,F,,,reliable
ConCDM_SIM_200421_00078,27,10,1956,,,,F,,,reliable
ConCDM_SIM_200421_00079,18,9,1963,,,,F,,,reliable
ConCDM_SIM_200421_00080,2,11,1968,,,,F,,,reliable
ConCDM_SIM_200421_00081,15,9,1989,,,,M,,,reliable
ConCDM_SIM_200421_00082,23,9,1956,,,,M,,,reliable
ConCDM_SIM_200421_00083,24,6,1982,,,,F,,,reliable
ConCDM_SIM_200421_00084,17,5,1956,,,,F,,,reliable
ConCDM_SIM_200421_00085,9,5,1967,,,,F,,,reliable
ConCDM_SIM_200421_00086,7,3,1968,,,,F,,,reliable
ConCDM_SIM_200421_00087,30,11,1983,,,,F,,,reliable
ConCDM_SIM_200421_00088,27,9,1957,,,,F,,,reliable
ConCDM_SIM_200421_00089,20,4,1999,,,,F,,,reliable
ConCDM_SIM_200421_00090,20,3,1975,,,,M,,,reliable
ConCDM_SIM_200421_00091,5,9,1959,,,,F,,,reliable
ConCDM_SIM_200421_00092,22,11,1962,,,,F,,,reliable
ConCDM_SIM_200421_00093,3,4,1957,,,,M,,,reliable
ConCDM_SIM_200421_00094,25,6,1970,,,,F,,,reliable
ConCDM_SIM_200421_00096,19,10,1987,,,,F,,,reliable
ConCDM_SIM_200421_00097,16,2,2000,,,,F,,,reliable
ConCDM_SIM_200421_00098,8,4,2001,,,,F,,,reliable
ConCDM_SIM_200421_00099,13,10,1958,,,,M,,,reliable
ConCDM_SIM_200421_00100,15,4,1967,,,,M,,,reliable
ConCDM_SIM_200421_00101,8,2,1963,,,,F,,,reliable
ConCDM_SIM_200421_00102,23,9,1956,,,,M,,,reliable
ConCDM_SIM_200421_00103,26,8,1989,,,,M,,,reliable
ConCDM_SIM_200421_00104,31,3,1983,,,,F,,,reliable
ConCDM_SIM_200421_00105,2,1,1956,,,,M,,,reliable
ConCDM_SIM_200421_00106,18,3,1962,,,,F,,,reliable
ConCDM_SIM_200421_00107,30,5,1959,,,,F,,,reliable
ConCDM_SIM_200421_00108,11,8,1975,,,,M,,,reliable
ConCDM_SIM_200421_00109,5,10,1972,,,,F,,,reliable
ConCDM_SIM_200421_00110,28,5,1962,,,,F,,,reliable
ConCDM_SIM_200421_00111,11,2,1968,,,,F,,,reliable
ConCDM_SIM_200421_00112,28,8,1978,,,,F,,,reliable
ConCDM_SIM_200421_00113,29,6,1967,,,,F,,,reliable
ConCDM_SIM_200421_00114,6,5,1960,,,,F,,,reliable
ConCDM_SIM_200421_00115,28,12,1993,,,,F,,,reliable
ConCDM_SIM_200421_00116,25,8,1968,,,,F,,,reliable
ConCDM_SIM_200421_00117,27,5,1967,,,,F,,,reliable
ConCDM_SIM_200421_00118,31,7,1965,,,,F,,,reliable
ConCDM_SIM_200421_00119,21,8,1965,20,10,2018,F,,,reliable
ConCDM_SIM_200421_00120,19,1,1991,,,,F,,,reliable
ConCDM_SIM_200421_00121,23,8,2000,,,,F,,,reliable
ConCDM_SIM_200421_00122,31,10,1974,,,,M,,,reliable
ConCDM_SIM_200421_00123,29,9,1965,,,,F,,,reliable
ConCDM_SIM_200421_00124,6,7,1968,,,,F,,,reliable
ConCDM_SIM_200421_00125,5,6,1988,,,,F,,,reliable
ConCDM_SIM_200421_00126,17,2,1985,,,,M,,,reliable
ConCDM_SIM_200421_00127,13,12,1959,,,,F,,,reliable
ConCDM_SIM_200421_00128,13,9,1986,,,,F,,,reliable
ConCDM_SIM_200421_00129,27,11,1955,,,,M,,,reliable
ConCDM_SIM_200421_00130,15,3,1979,,,,F,,,reliable
ConCDM_SIM_200421_00131,15,10,1983,,,,F,,,reliable
ConCDM_SIM_200421_00132,16,5,1954,,,,F,,,reliable
ConCDM_SIM_200421_00133,1,4,1999,,,,F,,,reliable
ConCDM_SIM_200421_00134,26,6,1971,,,,F,,,reliable
ConCDM_SIM_200421_00135,25,9,1951,,,,F,,,reliable
ConCDM_SIM_200421_00136,21,8,1983,,,,F,,,reliable
ConCDM_SIM_200421_00137,1,10,1981,,,,F,,,reliable
ConCDM_SIM_200421_00138,17,1,1967,,,,M,,,reliable
ConCDM_SIM_200421_00139,2,8,1963,,,,F,,,reliable
ConCDM_SIM_200421_00140,30,3,1967,,,,F,,,reliable
ConCDM_SIM_200421_00141,6,10,1974,,,,M,,,reliable
ConCDM_SIM_200421_00142,9,10,1973,,,,M,,,reliable
ConCDM_SIM_200421_00143,17,9,1967,,,,F,,,reliable
ConCDM_SIM_200421_00144,22,3,1961,,,,F,,,reliable
ConCDM_SIM_200421_00145,25,8,1968,,,,F,,,reliable
ConCDM_SIM_200421_00146,16,12,1964,,,,F,,,reliable
ConCDM_SIM_200421_00147,2,2,1966,,,,F,,,reliable
ConCDM_SIM_200421_00148,9,11,1971,,,,F,,,reliable
ConCDM_SIM_200421_00149,18,12,1953,,,,F,,,reliable
ConCDM_SIM_200421_00150,1,6,1991,,,,F,,,reliable
ConCDM_SIM_200421_00151,13,10,1988,,,,F,,,reliable
ConCDM_SIM_200421_00152,11,8,1962,,,,F,,,reliable
ConCDM_SIM_200421_00153,8,4,1992,,,,F,,,reliable
ConCDM_SIM_200421_00154,13,2,1993,,,,F,,,reliable
ConCDM_SIM_200421_00155,28,9,2007,,,,M,,,reliable
ConCDM_SIM_200421_00156,23,1,1974,,,,M,,,reliable
ConCDM_SIM_200421_00157,30,10,1952,,,,M,,,reliable
ConCDM_SIM_200421_00158,2,4,1952,,,,M,,,reliable
ConCDM_SIM_200421_00159,1,2,2016,,,,M,,,reliable
ConCDM_SIM_200421_00160,10,11,1959,,,,F,,,reliable
ConCDM_SIM_200421_00161,8,9,1970,,,,F,,,reliable
ConCDM_SIM_200421_00162,28,9,2007,,,,M,,,reliable
ConCDM_SIM_200421_00163,3,5,1957,,,,F,,,reliable
ConCDM_SIM_200421_00164,27,5,1968,,,,M,,,reliable
ConCDM_SIM_200421_00165,7,10,1968,,,,O,,,reliable
ConCDM_SIM_200421_00166,14,11,1968,,,,F,,,reliable
ConCDM_SIM_200421_00167,28,7,1957,,,,F,,,reliable
ConCDM_SIM_200421_00168,8,10,1969,,,,F,,,reliable
ConCDM_SIM_200421_00169,6,6,1978,,,,F,,,reliable
ConCDM_SIM_200421_00170,25,4,1960,,,,F,,,reliable
ConCDM_SIM_200421_00171,8,9,1967,,,,F,,,reliable
ConCDM_SIM_200421_00172,25,4,1979,,,,F,,,reliable
ConCDM_SIM_200421_00173,24,1,1975,,,,M,,,reliable
ConCDM_SIM_200421_00174,1,2,1990,,,,F,,,reliable
ConCDM_SIM_200421_00175,3,1,1972,,,,F,,,reliable
ConCDM_SIM_200421_00176,25,5,1990,,,,F,,,reliable
ConCDM_SIM_200421_00177,6,9,1984,,,,F,,,reliable
ConCDM_SIM_200421_00178,15,12,1956,,,,M,,,reliable
ConCDM_SIM_200421_00179,23,11,2009,,,,F,,,reliable
ConCDM_SIM_200421_00180,18,12,1964,,,,F,,,reliable
ConCDM_SIM_200421_00181,4,5,1958,,,,M,,,reliable
ConCDM_SIM_200421_00183,12,2,1974,,,,M,,,reliable
ConCDM_SIM_200421_00184,24,11,1978,,,,F,,,reliable
ConCDM_SIM_200421_00185,16,7,1968,,,,O,,,reliable
ConCDM_SIM_200421_00186,6,8,1960,,,,F,,,reliable
ConCDM_SIM_200421_00187,8,10,1992,,,,F,,,reliable
ConCDM_SIM_200421_00188,14,3,1986,,,,F,,,reliable
ConCDM_SIM_200421_00189,28,12,1977,,,,F,,,reliable
ConCDM_SIM_200421_00190,29,12,1964,,,,F,,,reliable
ConCDM_SIM_200421_00191,29,9,1991,,,,F,,,reliable
ConCDM_SIM_200421_00192,3,11,1977,,,,F,,,reliable
ConCDM_SIM_200421_00193,14,12,1957,,,,F,,,reliable
ConCDM_SIM_200421_00194,22,6,1976,,,,M,,,reliable
ConCDM_SIM_200421_00195,2,10,1972,,,,F,,,reliable
ConCDM_SIM_200421_00196,7,3,1957,,,,M,,,reliable
ConCDM_SIM_200421_00197,26,10,1957,,,,F,,,reliable
ConCDM_SIM_200421_00198,25,4,1963,,,,F,,,reliable
ConCDM_SIM_200421_00199,12,1,1960,,,,F,,,reliable
ConCDM_SIM_200421_00200,14,3,1970,,,,F,,,reliable
ConCDM_SIM_200421_00201,15,4,1963,,,,F,,,reliable
ConCDM_SIM_200421_00202,1,11,1977,,,,F,,,reliable
ConCDM_SIM_200421_00203,9,7,1979,,,,F,,,reliable
ConCDM_SIM_200421_00204,4,6,1990,,,,F,,,reliable
ConCDM_SIM_200421_00205,30,6,2000,,,,F,,,reliable
ConCDM_SIM_200421_00206,13,5,1957,,,,F,,,reliable
ConCDM_SIM_200421_00207,24,4,1960,,,,F,,,reliable
ConCDM_SIM_200421_00208,17,12,1983,,,,F,,,reliable
ConCDM_SIM_200421_00209,26,1,1951,,,,F,,,reliable
ConCDM_SIM_200421_00210,20,6,1950,,,,F,,,reliable
ConCDM_SIM_200421_00211,4,3,2016,,,,M,,,reliable
ConCDM_SIM_200421_00212,21,3,2008,,,,F,,,reliable
ConCDM_SIM_200421_00213,7,5,1956,,,,M,,,reliable
ConCDM_SIM_200421_00214,20,2,1980,,,,F,,,reliable
ConCDM_SIM_200421_00215,27,8,1965,,,,F,,,reliable
ConCDM_SIM_200421_00216,4,11,1953,,,,F,,,reliable
ConCDM_SIM_200421_00217,20,4,1983,,,,F,,,reliable
ConCDM_SIM_200421_00218,3,3,1982,,,,F,,,reliable
ConCDM_SIM_200421_00219,18,1,1981,,,,F,,,reliable
ConCDM_SIM_200421_00220,1,8,1967,,,,F,,,reliable
ConCDM_SIM_200421_00221,12,1,1950,,,,F,,,reliable
ConCDM_SIM_200421_00222,17,1,1992,,,,F,,,reliable
ConCDM_SIM_200421_00223,31,1,2001,,,,F,,,reliable
ConCDM_SIM_200421_00224,29,12,1960,,,,F,,,reliable
ConCDM_SIM_200421_00225,9,5,1978,,,,F,,,reliable
ConCDM_SIM_200421_00226,21,3,1979,,,,F,,,reliable
ConCDM_SIM_200421_00227,11,10,1967,,,,M,,,reliable
ConCDM_SIM_200421_00228,10,11,1969,,,,F,,,reliable
ConCDM_SIM_200421_00229,8,2,1964,,,,F,,,reliable
ConCDM_SIM_200421_00230,22,10,1950,,,,F,,,reliable
ConCDM_SIM_200421_00231,17,6,1966,,,,F,,,reliable
ConCDM_SIM_200421_00232,31,7,1967,,,,F,,,reliable
ConCDM_SIM_200421_00234,26,7,1976,10,6,2005,M,,,reliable
ConCDM_SIM_200421_00235,12,5,1965,,,,F,,,reliable
ConCDM_SIM_200421_00236,12,5,1965,,,,F,,,reliable
ConCDM_SIM_200421_00237,2,6,1972,,,,F,,,reliable
ConCDM_SIM_200421_00238,3,11,1970,,,,F,,,reliable
ConCDM_SIM_200421_00239,7,11,1972,,,,F,,,reliable
ConCDM_SIM_200421_00240,29,12,1967,,,,F,,,reliable
ConCDM_SIM_200421_00241,19,12,2008,,,,F,,,reliable
ConCDM_SIM_200421_00242,26,9,1991,,,,F,,,reliable
ConCDM_SIM_200421_00243,6,8,1974,,,,M,,,reliable
ConCDM_SIM_200421_00244,26,8,1953,,,,F,,,reliable
ConCDM_SIM_200421_00245,7,1,1970,,,,F,,,reliable
ConCDM_SIM_200421_00246,12,8,1979,,,,F,,,reliable
ConCDM_SIM_200421_00247,26,3,1993,,,,F,,,reliable
ConCDM_SIM_200421_00248,27,4,1967,,,,F,,,reliable
ConCDM_SIM_200421_00249,2,11,1953,,,,F,,,reliable
ConCDM_SIM_200421_00250,4,5,1954,21,11,2012,F,,,reliable
ConCDM_SIM_200421_00251,18,7,2014,,,,F,,,reliable
ConCDM_SIM_200421_00252,14,10,1973,,,,M,,,reliable
ConCDM_SIM_200421_00253,7,10,1975,,,,M,,,reliable
ConCDM_SIM_200421_00254,2,9,1984,,,,F,,,reliable
ConCDM_SIM_200421_00255,18,8,1957,,,,F,,,reliable
ConCDM_SIM_200421_00256,11,6,1966,,,,F,,,reliable
ConCDM_SIM_200421_00257,31,8,1983,,,,F,,,reliable
ConCDM_SIM_200421_00258,17,9,1968,,,,F,,,reliable
ConCDM_SIM_200421_00259,16,6,1965,,,,F,,,reliable
ConCDM_SIM_200421_00260,8,11,1977,,,,F,,,reliable
ConCDM_SIM_200421_00261,26,4,1984,,,,F,,,reliable
ConCDM_SIM_200421_00262,5,11,2010,,,,F,,,reliable
ConCDM_SIM_200421_00263,5,5,1960,,,,F,,,reliable
ConCDM_SIM_200421_00264,4,6,1962,,,,F,,,reliable
ConCDM_SIM_200421_00265,13,9,2008,,,,F,,,reliable
ConCDM_SIM_200421_00266,13,7,1962,,,,F,,,reliable
ConCDM_SIM_200421_00267,13,3,1979,,,,F,,,reliable
ConCDM_SIM_200421_00268,22,3,1968,,,,F,,,reliable
ConCDM_SIM_200421_00269,26,1,1972,,,,F,,,reliable
ConCDM_SIM_200421_00270,2,4,1968,,,,O,,,reliable
ConCDM_SIM_200421_00271,6,11,1971,,,,F,,,reliable
ConCDM_SIM_200421_00272,3,2,1991,,,,F,,,reliable
ConCDM_SIM_200421_00273,10,9,2016,,,,M,,,reliable
ConCDM_SIM_200421_00274,17,5,1974,,,,M,,,reliable
ConCDM_SIM_200421_00275,12,3,1968,,,,F,,,reliable
ConCDM_SIM_200421_00276,19,7,1950,,,,F,,,reliable
ConCDM_SIM_200421_00277,7,2,1991,,,,F,,,reliable
ConCDM_SIM_200421_00278,27,7,2016,,,,M,,,reliable
ConCDM_SIM_200421_00279,27,6,1968,,,,F,,,reliable
ConCDM_SIM_200421_00280,16,10,1975,,,,M,,,reliable
ConCDM_SIM_200421_00281,24,1,1964,,,,F,,,reliable
ConCDM_SIM_200421_00282,31,1,1979,,,,F,,,reliable
ConCDM_SIM_200421_00283,3,5,1966,,,,F,,,reliable
ConCDM_SIM_200421_00284,22,7,2009,,,,M,,,reliable
ConCDM_SIM_200421_00285,22,10,1953,,,,F,,,reliable
ConCDM_SIM_200421_00286,15,6,1955,,,,M,,,reliable
ConCDM_SIM_200421_00287,18,6,1967,,,,F,,,reliable
ConCDM_SIM_200421_00288,1,12,1975,,,,M,,,reliable
ConCDM_SIM_200421_00289,18,8,1975,,,,M,,,reliable
ConCDM_SIM_200421_00290,11,1,1967,,,,F,,,reliable
ConCDM_SIM_200421_00291,11,9,2010,,,,F,,,reliable
ConCDM_SIM_200421_00292,8,2,1968,,,,F,,,reliable
ConCDM_SIM_200421_00293,26,6,1983,,,,F,,,reliable
ConCDM_SIM_200421_00294,25,3,1984,,,,F,,,reliable
ConCDM_SIM_200421_00295,12,10,1968,,,,F,,,reliable
ConCDM_SIM_200421_00296,26,10,1980,,,,F,,,reliable
ConCDM_SIM_200421_00297,23,3,1956,,,,F,,,reliable
ConCDM_SIM_200421_00298,4,7,1961,,,,F,,,reliable
ConCDM_SIM_200421_00299,5,4,1955,,,,M,,,reliable
ConCDM_SIM_200421_00300,15,8,1972,,,,F,,,reliable
ConCDM_SIM_200421_00301,9,2,1953,,,,F,,,reliable
ConCDM_SIM_200421_00302,3,7,1951,,,,F,,,reliable
ConCDM_SIM_200421_00303,13,6,2010,,,,F,,,reliable
ConCDM_SIM_200421_00304,6,2,1986,,,,F,,,reliable
ConCDM_SIM_200421_00305,28,2,1956,,,,F,,,reliable
ConCDM_SIM_200421_00306,19,3,1973,,,,M,,,reliable
ConCDM_SIM_200421_00307,25,4,1968,,,,F,,,reliable
ConCDM_SIM_200421_00308,21,1,1951,,,,F,,,reliable
ConCDM_SIM_200421_00309,29,5,1967,,,,F,,,reliable
ConCDM_SIM_200421_00310,12,5,1969,,,,F,,,reliable
ConCDM_SIM_200421_00311,21,12,1954,,,,F,,,reliable
ConCDM_SIM_200421_00312,23,5,1989,,,,M,,,reliable
ConCDM_SIM_200421_00313,29,10,1973,,,,M,,,reliable
ConCDM_SIM_200421_00314,16,11,1952,2,4,2005,M,,,reliable
ConCDM_SIM_200421_00315,6,6,1990,,,,F,,,reliable
ConCDM_SIM_200421_00316,22,7,1968,,,,F,,,reliable
ConCDM_SIM_200421_00317,20,8,2001,,,,F,,,reliable
ConCDM_SIM_200421_00318,20,6,1958,,,,M,,,reliable
ConCDM_SIM_200421_00319,18,4,1975,,,,M,,,reliable
ConCDM_SIM_200421_00320,18,11,1964,,,,F,,,reliable
ConCDM_SIM_200421_00321,9,4,1967,,,,M,,,reliable
ConCDM_SIM_200421_00322,28,6,1992,,,,F,,,reliable
ConCDM_SIM_200421_00323,28,6,1969,,,,F,,,reliable
ConCDM_SIM_200421_00324,25,5,1992,,,,F,,,reliable
ConCDM_SIM_200421_00325,10,12,1968,,,,F,,,reliable
ConCDM_SIM_200421_00326,26,10,2007,,,,M,,,reliable
ConCDM_SIM_200421_00327,13,1,1989,,,,M,,,reliable
ConCDM_SIM_200421_00328,1,10,1954,,,,F,,,reliable
ConCDM_SIM_200421_00329,11,5,1969,,,,F,,,reliable
ConCDM_SIM_200421_00330,20,1,1985,,,,M,,,reliable
ConCDM_SIM_200421_00331,14,10,1982,,,,F,,,reliable
ConCDM_SIM_200421_00332,28,7,1966,,,,F,,,reliable
ConCDM_SIM_200421_00333,30,10,1972,,,,F,,,reliable
ConCDM_SIM_200421_00334,7,12,1967,,,,M,,,reliable
ConCDM_SIM_200421_00335,24,7,1956,,,,M,,,reliable
ConCDM_SIM_200421_00336,8,2,1973,,,,M,,,reliable
ConCDM_SIM_200421_00337,21,11,1968,,,,M,,,reliable
ConCDM_SIM_200421_00338,15,12,2014,,,,F,,,reliable
ConCDM_SIM_200421_00339,8,5,1984,,,,F,,,reliable
ConCDM_SIM_200421_00340,21,9,1982,,,,F,,,reliable
ConCDM_SIM_200421_00341,5,10,1968,,,,F,,,reliable
ConCDM_SIM_200421_00342,21,1,1981,,,,M,,,reliable
ConCDM_SIM_200421_00344,12,9,1953,,,,M,,,reliable
ConCDM_SIM_200421_00345,25,6,1966,,,,F,,,reliable
ConCDM_SIM_200421_00346,4,11,1967,,,,F,,,reliable
ConCDM_SIM_200421_00347,6,6,2000,,,,F,,,reliable
ConCDM_SIM_200421_00348,18,5,1957,,,,M,,,reliable
ConCDM_SIM_200421_00349,18,7,1975,,,,M,,,reliable
ConCDM_SIM_200421_00350,26,2,1963,,,,F,,,reliable
ConCDM_SIM_200421_00351,25,10,1954,,,,F,,,reliable
ConCDM_SIM_200421_00352,13,5,1953,,,,M,,,reliable
ConCDM_SIM_200421_00353,7,1,2000,,,,F,,,reliable
ConCDM_SIM_200421_00354,20,10,2008,,,,F,,,reliable
ConCDM_SIM_200421_00355,25,11,1950,,,,F,,,reliable
ConCDM_SIM_200421_00356,12,7,1979,,,,F,,,reliable
ConCDM_SIM_200421_00357,5,4,1950,,,,F,,,reliable
ConCDM_SIM_200421_00358,2,1,1973,,,,M,,,reliable
ConCDM_SIM_200421_00359,26,5,1965,,,,F,,,reliable
ConCDM_SIM_200421_00360,22,6,1992,,,,F,,,reliable
ConCDM_SIM_200421_00361,9,12,1970,,,,F,,,reliable
ConCDM_SIM_200421_00362,10,5,1990,,,,F,,,reliable
ConCDM_SIM_200421_00363,11,2,1950,,,,F,,,reliable
ConCDM_SIM_200421_00364,20,11,1956,,,,F,,,reliable
ConCDM_SIM_200421_00365,31,12,1971,,,,F,,,reliable
ConCDM_SIM_200421_00366,29,5,1969,,,,F,,,reliable
ConCDM_SIM_200421_00367,12,12,1967,,,,F,,,reliable
ConCDM_SIM_200421_00368,10,8,1967,,,,M,,,reliable
ConCDM_SIM_200421_00369,30,7,1955,,,,M,,,reliable
ConCDM_SIM_200421_00370,5,6,1981,,,,M,,,reliable
ConCDM_SIM_200421_00371,29,7,1999,,,,F,,,reliable
ConCDM_SIM_200421_00372,6,8,1955,,,,M,,,reliable
ConCDM_SIM_200421_00374,28,7,1957,,,,F,,,reliable
ConCDM_SIM_200421_00375,21,4,2014,,,,F,,,reliable
ConCDM_SIM_200421_00376,16,3,1966,,,,F,,,reliable
ConCDM_SIM_200421_00377,27,7,1977,,,,F,,,reliable
ConCDM_SIM_200421_00378,30,6,2001,,,,F,,,reliable
ConCDM_SIM_200421_00379,7,4,1991,,,,M,,,reliable
ConCDM_SIM_200421_00380,8,10,1956,,,,F,,,reliable
ConCDM_SIM_200421_00381,30,4,1975,,,,M,,,reliable
ConCDM_SIM_200421_00382,7,4,1987,,,,F,,,reliable
ConCDM_SIM_200421_00383,9,5,1967,,,,M,,,reliable
ConCDM_SIM_200421_00384,3,2,1960,,,,F,,,reliable
ConCDM_SIM_200421_00385,13,12,1976,,,,M,,,reliable
ConCDM_SIM_200421_00386,12,12,1999,,,,F,,,reliable
ConCDM_SIM_200421_00387,21,10,1954,,,,F,,,reliable
ConCDM_SIM_200421_00388,13,5,1960,,,,F,,,reliable
ConCDM_SIM_200421_00389,2,3,1979,,,,F,,,reliable
ConCDM_SIM_200421_00390,26,5,2000,,,,F,,,reliable
ConCDM_SIM_200421_00391,18,10,1957,,,,F,,,reliable
ConCDM_SIM_200421_00392,9,10,1961,,,,F,,,reliable
ConCDM_SIM_200421_00393,5,10,2001,,,,F,,,reliable
ConCDM_SIM_200421_00394,17,1,1976,,,,M,,,reliable
ConCDM_SIM_200421_00395,6,3,1970,,,,F,,,reliable
ConCDM_SIM_200421_00396,14,3,1968,,,,U,,,reliable
ConCDM_SIM_200421_00397,7,7,1963,,,,F,,,reliable
ConCDM_SIM_200421_00398,12,8,1952,,,,M,,,reliable
ConCDM_SIM_200421_00399,24,8,1960,,,,F,,,reliable
ConCDM_SIM_200421_00400,17,1,1968,,,,M,,,reliable
ConCDM_SIM_200421_00401,21,7,1967,,,,M,,,reliable
ConCDM_SIM_200421_00402,15,11,1989,,,,M,,,reliable
ConCDM_SIM_200421_00403,17,2,1967,,,,F,,,reliable
ConCDM_SIM_200421_00404,4,10,1957,,,,F,,,reliable
ConCDM_SIM_200421_00405,18,10,2000,,,,F,,,reliable
ConCDM_SIM_200421_00407,26,5,2008,,,,F,,,reliable
ConCDM_SIM_200421_00408,31,5,1954,,,,F,,,reliable
ConCDM_SIM_200421_00409,19,12,1992,,,,F,,,reliable
ConCDM_SIM_200421_00410,27,9,1957,,,,F,,,reliable
ConCDM_SIM_200421_00411,15,11,1971,,,,F,,,reliable
ConCDM_SIM_200421_00412,16,5,1950,,,,M,,,reliable
ConCDM_SIM_200421_00413,23,3,1958,,,,M,,,reliable
ConCDM_SIM_200421_00414,30,11,2015,,,,F,,,reliable
ConCDM_SIM_200421_00415,30,4,1984,,,,F,,,reliable
ConCDM_SIM_200421_00416,26,9,1960,,,,F,,,reliable
ConCDM_SIM_200421_00417,20,10,2002,,,,M,,,reliable
ConCDM_SIM_200421_00418,1,1,1966,,,,F,,,reliable
ConCDM_SIM_200421_00419,28,7,1983,,,,F,,,reliable
ConCDM_SIM_200421_00420,8,11,1954,,,,F,,,reliable
ConCDM_SIM_200421_00421,1,6,1950,,,,M,,,reliable
ConCDM_SIM_200421_00422,24,5,1971,,,,F,,,reliable
ConCDM_SIM_200421_00423,9,12,1999,,,,F,,,reliable
ConCDM_SIM_200421_00424,13,7,1981,,,,M,,,reliable
ConCDM_SIM_200421_00425,10,5,1978,,,,F,,,reliable
ConCDM_SIM_200421_00426,16,9,1964,,,,F,,,reliable
ConCDM_SIM_200421_00427,28,12,1964,,,,F,,,reliable
ConCDM_SIM_200421_00428,25,6,1980,,,,F,,,reliable
ConCDM_SIM_200421_00429,19,2,1972,,,,F,,,reliable
ConCDM_SIM_200421_00430,5,12,1965,,,,F,,,reliable
ConCDM_SIM_200421_00431,5,12,1990,,,,F,,,reliable
ConCDM_SIM_200421_00432,1,11,1962,,,,F,,,reliable
ConCDM_SIM_200421_00433,6,12,1976,,,,M,,,reliable
ConCDM_SIM_200421_00434,9,2,1968,,,,F,,,reliable
ConCDM_SIM_200421_00435,30,1,1954,,,,M,,,reliable
ConCDM_SIM_200421_00436,1,5,1967,,,,M,,,reliable
ConCDM_SIM_200421_00437,4,10,1986,,,,F,,,reliable
ConCDM_SIM_200421_00438,20,2,1991,,,,M,,,reliable
ConCDM_SIM_200421_00440,27,11,1968,,,,F,,,reliable
ConCDM_SIM_200421_00441,16,3,1978,,,,F,,,reliable
ConCDM_SIM_200421_00442,13,12,1981,,,,M,,,reliable
ConCDM_SIM_200421_00443,31,7,1963,,,,F,,,reliable
ConCDM_SIM_200421_00444,12,5,1968,,,,M,,,reliable
ConCDM_SIM_200421_00445,27,11,1971,,,,F,,,reliable
ConCDM_SIM_200421_00446,29,5,1978,,,,F,,,reliable
ConCDM_SIM_200421_00447,6,12,1995,,,,F,,,reliable
ConCDM_SIM_200421_00448,12,4,2007,,,,M,,,reliable
ConCDM_SIM_200421_00449,28,6,1964,,,,F,,,reliable
ConCDM_SIM_200421_00450,21,9,2001,,,,F,,,reliable
ConCDM_SIM_200421_00451,5,8,1977,,,,F,,,reliable
ConCDM_SIM_200421_00452,26,7,1964,,,,F,,,reliable
ConCDM_SIM_200421_00453,7,10,1964,,,,F,,,reliable
ConCDM_SIM_200421_00454,24,11,1958,,,,M,,,reliable
ConCDM_SIM_200421_00455,9,5,1985,,,,M,,,reliable
ConCDM_SIM_200421_00456,9,8,1984,,,,F,,,reliable
ConCDM_SIM_200421_00458,8,7,1962,,,,F,,,reliable
ConCDM_SIM_200421_00459,22,5,1971,,,,F,,,reliable
ConCDM_SIM_200421_00460,22,8,1975,,,,M,,,reliable
ConCDM_SIM_200421_00461,11,12,1966,22,12,2019,F,,,reliable
ConCDM_SIM_200421_00462,16,12,1985,,,,M,,,reliable
ConCDM_SIM_200421_00463,20,12,1963,,,,F,,,reliable
ConCDM_SIM_200421_00464,15,3,1987,,,,M,,,reliable
ConCDM_SIM_200421_00465,1,5,1962,,,,F,,,reliable
ConCDM_SIM_200421_00466,31,12,1968,,,,F,,,reliable
ConCDM_SIM_200421_00467,25,4,1991,,,,M,,,reliable
ConCDM_SIM_200421_00468,1,1,1967,,,,F,,,reliable
ConCDM_SIM_200421_00469,7,10,1952,,,,M,,,reliable
ConCDM_SIM_200421_00470,7,11,1963,,,,F,,,reliable
ConCDM_SIM_200421_00471,10,4,1956,,,,F,,,reliable
ConCDM_SIM_200421_00472,14,10,1986,,,,F,,,reliable
ConCDM_SIM_200421_00473,19,3,1961,,,,F,,,reliable
ConCDM_SIM_200421_00474,7,2,1992,,,,F,,,reliable
ConCDM_SIM_200421_00475,21,8,1999,,,,F,,,reliable
ConCDM_SIM_200421_00476,17,4,2001,,,,F,,,reliable
ConCDM_SIM_200421_00477,31,8,1968,,,,F,,,reliable
ConCDM_SIM_200421_00478,31,1,1950,,,,M,,,reliable
ConCDM_SIM_200421_00479,14,9,2010,,,,F,,,reliable
ConCDM_SIM_200421_00480,1,2,1967,,,,F,,,reliable
ConCDM_SIM_200421_00481,20,8,1964,,,,F,,,reliable
ConCDM_SIM_200421_00482,19,10,1974,,,,M,,,reliable
ConCDM_SIM_200421_00483,15,11,2014,,,,F,,,reliable
ConCDM_SIM_200421_00484,13,4,1984,,,,F,,,reliable
ConCDM_SIM_200421_00485,19,5,1966,,,,F,,,reliable
ConCDM_SIM_200421_00486,10,6,1956,,,,M,,,reliable
ConCDM_SIM_200421_00487,22,12,1983,,,,F,,,reliable
ConCDM_SIM_200421_00488,8,4,1967,,,,F,,,reliable
ConCDM_SIM_200421_00489,12,1,1969,,,,F,,,reliable
ConCDM_SIM_200421_00490,2,11,1968,,,,F,,,reliable
ConCDM_SIM_200421_00492,5,4,1954,,,,M,,,reliable
ConCDM_SIM_200421_00493,24,10,1956,,,,F,,,reliable
ConCDM_SIM_200421_00494,28,12,1987,,,,M,,,reliable
ConCDM_SIM_200421_00495,26,5,1956,,,,F,,,reliable
ConCDM_SIM_200421_00496,25,10,1999,,,,F,,,reliable
ConCDM_SIM_200421_00497,4,2,1971,,,,F,,,reliable
ConCDM_SIM_200421_00498,7,1,1983,,,,F,,,reliable
ConCDM_SIM_200421_00499,9,3,1965,,,,F,,,reliable
ConCDM_SIM_200421_00500,25,8,2000,,,,F,,,reliable
ConCDM_SIM_200421_00501,11,3,1954,,,,F,,,reliable
ConCDM_SIM_200421_00502,24,11,1974,,,,M,,,reliable
ConCDM_SIM_200421_00503,1,9,1961,,,,F,,,reliable
ConCDM_SIM_200421_00504,12,9,1968,,,,M,,,reliable
ConCDM_SIM_200421_00505,7,6,1978,,,,F,,,reliable
ConCDM_SIM_200421_00506,26,4,1965,,,,F,,,reliable
ConCDM_SIM_200421_00507,23,6,1976,,,,M,,,reliable
ConCDM_SIM_200421_00508,9,4,1982,,,,F,,,reliable
ConCDM_SIM_200421_00509,5,5,2008,,,,F,,,reliable
ConCDM_SIM_200421_00510,26,2,1976,,,,M,,,reliable
ConCDM_SIM_200421_00511,15,6,1989,,,,M,,,reliable
ConCDM_SIM_200421_00512,6,2,1959,,,,F,,,reliable
ConCDM_SIM_200421_00513,15,9,1967,,,,F,,,reliable
ConCDM_SIM_200421_00514,26,5,1991,,,,F,,,reliable
ConCDM_SIM_200421_00515,2,10,1955,,,,M,,,reliable
ConCDM_SIM_200421_00516,3,12,1955,,,,M,,,reliable
ConCDM_SIM_200421_00517,12,9,1982,,,,F,,,reliable
ConCDM_SIM_200421_00518,10,7,1951,,,,F,,,reliable
ConCDM_SIM_200421_00519,20,10,1956,,,,M,,,reliable
ConCDM_SIM_200421_00520,22,2,1976,,,,M,,,reliable
ConCDM_SIM_200421_00521,16,1,2010,,,,F,,,reliable
ConCDM_SIM_200421_00522,19,6,1968,,,,M,,,reliable
ConCDM_SIM_200421_00523,16,7,1966,,,,F,,,reliable
ConCDM_SIM_200421_00524,15,2,1974,,,,M,,,reliable
ConCDM_SIM_200421_00525,13,5,1968,,,,F,,,reliable
ConCDM_SIM_200421_00526,15,5,1984,,,,F,,,reliable
ConCDM_SIM_200421_00527,27,8,1967,,,,F,,,reliable
ConCDM_SIM_200421_00528,21,2,1978,,,,F,,,reliable
ConCDM_SIM_200421_00529,22,11,1968,,,,F,,,reliable
ConCDM_SIM_200421_00530,17,3,1968,,,,F,,,reliable
ConCDM_SIM_200421_00531,13,11,1968,,,,F,,,reliable
ConCDM_SIM_200421_00532,15,6,1965,,,,F,,,reliable
ConCDM_SIM_200421_00533,9,11,1953,,,,M,,,reliable
ConCDM_SIM_200421_00534,11,3,1968,,,,F,,,reliable
ConCDM_SIM_200421_00535,18,4,1963,,,,F,,,reliable
ConCDM_SIM_200421_00536,28,3,1950,,,,M,,,reliable
ConCDM_SIM_200421_00537,12,7,1961,,,,F,,,reliable
ConCDM_SIM_200421_00538,19,6,1963,,,,F,,,reliable
ConCDM_SIM_200421_00539,14,12,1991,,,,F,,,reliable
ConCDM_SIM_200421_00540,27,6,1970,,,,F,,,reliable
ConCDM_SIM_200421_00541,29,12,1959,,,,F,,,reliable
ConCDM_SIM_200421_00542,1,5,1968,,,,F,,,reliable
ConCDM_SIM_200421_00543,12,9,1975,,,,M,,,reliable
ConCDM_SIM_200421_00544,13,1,1990,,,,F,,,reliable
ConCDM_SIM_200421_00545,14,3,1976,,,,M,,,reliable
ConCDM_SIM_200421_00546,27,3,1956,,,,F,,,reliable
ConCDM_SIM_200421_00547,2,9,1988,,,,F,,,reliable
ConCDM_SIM_200421_00548,7,7,1957,,,,F,,,reliable
ConCDM_SIM_200421_00549,24,4,1967,,,,F,,,reliable
ConCDM_SIM_200421_00550,27,8,1959,,,,F,,,reliable
ConCDM_SIM_200421_00551,14,2,1987,,,,M,,,reliable
ConCDM_SIM_200421_00552,31,12,1957,,,,M,,,reliable
ConCDM_SIM_200421_00553,13,2,1954,,,,F,,,reliable
ConCDM_SIM_200421_00554,27,11,1950,,,,M,,,reliable
ConCDM_SIM_200421_00555,29,3,1974,,,,M,,,reliable
ConCDM_SIM_200421_00556,2,9,1961,,,,F,,,reliable
ConCDM_SIM_200421_00557,4,3,1992,,,,F,,,reliable
ConCDM_SIM_200421_00558,27,1,1988,,,,F,,,reliable
ConCDM_SIM_200421_00559,14,7,1978,,,,F,,,reliable
ConCDM_SIM_200421_00560,3,11,1957,,,,M,,,reliable
ConCDM_SIM_200421_00561,17,1,1962,,,,F,,,reliable
ConCDM_SIM_200421_00562,19,4,1975,,,,M,,,reliable
ConCDM_SIM_200421_00563,14,8,1977,,,,M,,,reliable
ConCDM_SIM_200421_00564,5,2,1971,,,,F,,,reliable
ConCDM_SIM_200421_00565,12,12,1987,,,,M,,,reliable
ConCDM_SIM_200421_00566,6,11,1954,,,,F,,,reliable
ConCDM_SIM_200421_00567,2,5,1957,,,,F,,,reliable
ConCDM_SIM_200421_00568,28,10,1992,,,,F,,,reliable
ConCDM_SIM_200421_00569,1,3,1982,,,,F,,,reliable
ConCDM_SIM_200421_00570,14,3,2008,,,,F,,,reliable
ConCDM_SIM_200421_00571,16,6,1971,,,,F,,,reliable
ConCDM_SIM_200421_00572,12,11,1988,,,,F,,,reliable
ConCDM_SIM_200421_00573,5,4,1968,,,,F,,,reliable
ConCDM_SIM_200421_00574,1,3,1969,,,,F,,,reliable
ConCDM_SIM_200421_00575,8,9,1991,,,,F,,,reliable
ConCDM_SIM_200421_00576,24,10,1991,,,,F,,,reliable
ConCDM_SIM_200421_00577,19,8,1959,,,,F,,,reliable
ConCDM_SIM_200421_00578,30,9,1978,,,,F,,,reliable
ConCDM_SIM_200421_00579,7,7,1977,,,,M,,,reliable
ConCDM_SIM_200421_00580,5,10,2008,,,,F,,,reliable
ConCDM_SIM_200421_00581,9,9,1956,,,,F,,,reliable
ConCDM_SIM_200421_00582,17,2,1973,,,,M,,,reliable
ConCDM_SIM_200421_00583,7,5,1957,,,,F,,,reliable
ConCDM_SIM_200421_00584,4,1,1968,,,,M,,,reliable
ConCDM_SIM_200421_00585,20,5,1975,,,,M,,,reliable
ConCDM_SIM_200421_00586,11,5,1964,,,,F,,,reliable
ConCDM_SIM_200421_00587,25,5,2001,,,,F,,,reliable
ConCDM_SIM_200421_00588,19,9,1983,,,,F,,,reliable
ConCDM_SIM_200421_00589,12,7,1992,,,,F,,,reliable
ConCDM_SIM_200421_00590,29,6,1968,,,,F,,,reliable
ConCDM_SIM_200421_00591,6,12,1988,,,,F,,,reliable
ConCDM_SIM_200421_00592,22,5,1965,,,,F,,,reliable
ConCDM_SIM_200421_00593,14,5,2008,,,,F,,,reliable
ConCDM_SIM_200421_00594,29,2,1972,,,,F,,,reliable
ConCDM_SIM_200421_00595,7,6,1962,,,,F,,,reliable
ConCDM_SIM_200421_00596,6,8,1983,,,,F,,,reliable
ConCDM_SIM_200421_00597,5,7,1955,,,,M,,,reliable
ConCDM_SIM_200421_00598,18,6,1968,,,,O,,,reliable
ConCDM_SIM_200421_00599,30,7,1982,,,,M,,,reliable
ConCDM_SIM_200421_00600,10,7,1973,,,,M,,,reliable
ConCDM_SIM_200421_00601,24,10,1952,,,,M,,,reliable
ConCDM_SIM_200421_00602,29,1,1952,,,,M,,,reliable
ConCDM_SIM_200421_00603,24,4,1968,,,,M,,,reliable
ConCDM_SIM_200421_00604,13,11,2015,,,,F,,,reliable
ConCDM_SIM_200421_00605,24,12,1979,,,,F,,,reliable
ConCDM_SIM_200421_00606,20,7,1995,,,,F,,,reliable
ConCDM_SIM_200421_00607,26,7,1957,,,,M,,,reliable
ConCDM_SIM_200421_00608,18,6,1951,,,,F,,,reliable
ConCDM_SIM_200421_00609,25,5,1984,,,,F,,,reliable
ConCDM_SIM_200421_00610,27,12,1976,,,,M,,,reliable
ConCDM_SIM_200421_00611,8,1,2020,,,,U,,,reliable
ConCDM_SIM_200421_00612,22,10,1957,,,,M,,,reliable
ConCDM_SIM_200421_00613,5,8,1968,,,,F,,,reliable
ConCDM_SIM_200421_00614,10,10,1975,,,,M,,,reliable
ConCDM_SIM_200421_00615,9,3,2007,,,,F,,,reliable
ConCDM_SIM_200421_00616,31,7,1979,,,,F,,,reliable
ConCDM_SIM_200421_00617,17,7,1976,,,,M,,,reliable
ConCDM_SIM_200421_00619,28,10,1956,,,,F,,,reliable
ConCDM_SIM_200421_00620,14,10,1952,,,,M,,,reliable
ConCDM_SIM_200421_00621,12,4,1961,,,,F,,,reliable
ConCDM_SIM_200421_00622,22,7,1995,,,,F,,,reliable
ConCDM_SIM_200421_00623,23,8,1961,,,,F,,,reliable
ConCDM_SIM_200421_00624,22,3,1974,,,,M,,,reliable
ConCDM_SIM_200421_00625,24,12,2015,,,,F,,,reliable
ConCDM_SIM_200421_00626,13,10,2001,,,,F,,,reliable
ConCDM_SIM_200421_00627,4,6,1962,,,,F,,,reliable
ConCDM_SIM_200421_00628,27,4,1956,,,,F,,,reliable
ConCDM_SIM_200421_00629,7,11,2000,,,,F,,,reliable
ConCDM_SIM_200421_00630,14,3,2010,,,,F,,,reliable
ConCDM_SIM_200421_00631,19,8,1958,,,,M,,,reliable
ConCDM_SIM_200421_00632,22,3,1968,,,,F,,,reliable
ConCDM_SIM_200421_00633,3,9,1965,,,,F,,,reliable
ConCDM_SIM_200421_00634,5,1,1974,,,,M,,,reliable
ConCDM_SIM_200421_00635,30,6,1968,,,,F,,,reliable
ConCDM_SIM_200421_00637,22,11,1962,,,,F,,,reliable
ConCDM_SIM_200421_00638,8,2,1981,,,,M,,,reliable
ConCDM_SIM_200421_00639,6,8,1970,,,,F,,,reliable
ConCDM_SIM_200421_00640,8,7,1968,,,,F,,,reliable
ConCDM_SIM_200421_00641,5,1,1957,,,,F,,,reliable
ConCDM_SIM_200421_00642,29,4,1957,,,,M,,,reliable
ConCDM_SIM_200421_00643,18,10,1955,,,,M,,,reliable
ConCDM_SIM_200421_00644,29,5,2002,,,,M,,,reliable
ConCDM_SIM_200421_00645,23,6,2000,,,,F,,,reliable
ConCDM_SIM_200421_00646,30,8,1968,,,,O,,,reliable
ConCDM_SIM_200421_00647,3,7,1980,,,,F,,,reliable
ConCDM_SIM_200421_00648,5,11,1999,,,,F,,,reliable
ConCDM_SIM_200421_00649,8,10,1988,,,,F,,,reliable
ConCDM_SIM_200421_00650,31,10,1983,,,,M,,,reliable
ConCDM_SIM_200421_00651,29,1,1987,,,,M,,,reliable
ConCDM_SIM_200421_00652,21,10,1967,,,,F,,,reliable
ConCDM_SIM_200421_00653,21,7,1978,,,,M,,,reliable
ConCDM_SIM_200421_00654,9,6,1983,,,,M,,,reliable
ConCDM_SIM_200421_00655,22,6,1975,,,,M,,,reliable
ConCDM_SIM_200421_00656,15,5,1982,,,,M,,,reliable
ConCDM_SIM_200421_00657,29,8,1973,,,,M,,,reliable
ConCDM_SIM_200421_00658,23,9,1955,,,,F,,,reliable
ConCDM_SIM_200421_00659,5,9,1971,,,,F,,,reliable
ConCDM_SIM_200421_00660,16,10,1957,,,,F,,,reliable
ConCDM_SIM_200421_00661,1,11,1972,,,,F,,,reliable
ConCDM_SIM_200421_00662,22,12,1958,,,,M,,,reliable
ConCDM_SIM_200421_00663,27,12,2016,,,,M,,,reliable
ConCDM_SIM_200421_00664,1,4,1986,,,,F,,,reliable
ConCDM_SIM_200421_00665,1,12,1968,,,,F,,,reliable
ConCDM_SIM_200421_00666,2,2,2015,,,,F,,,reliable
ConCDM_SIM_200421_00667,17,3,1987,,,,M,,,reliable
ConCDM_SIM_200421_00668,8,4,1991,,,,F,,,reliable
ConCDM_SIM_200421_00669,13,6,1984,,,,F,,,reliable
ConCDM_SIM_200421_00671,26,4,1978,,,,M,,,reliable
ConCDM_SIM_200421_00672,10,4,1968,,,,F,,,reliable
ConCDM_SIM_200421_00673,7,12,1985,,,,F,,,reliable
ConCDM_SIM_200421_00674,6,8,1979,,,,F,,,reliable
ConCDM_SIM_200421_00675,7,7,1968,,,,F,,,reliable
ConCDM_SIM_200421_00676,19,3,1963,,,,F,,,reliable
ConCDM_SIM_200421_00677,19,9,1967,,,,M,,,reliable
ConCDM_SIM_200421_00678,3,10,1974,,,,M,,,reliable
ConCDM_SIM_200421_00679,21,12,1971,,,,F,,,reliable
ConCDM_SIM_200421_00680,25,10,1982,,,,M,,,reliable
ConCDM_SIM_200421_00681,28,1,1966,,,,F,,,reliable
ConCDM_SIM_200421_00682,18,1,1960,,,,F,,,reliable
ConCDM_SIM_200421_00683,9,7,1987,,,,M,,,reliable
ConCDM_SIM_200421_00684,26,1,1959,,,,F,,,reliable
ConCDM_SIM_200421_00685,28,3,1957,,,,F,,,reliable
ConCDM_SIM_200421_00686,5,10,1964,,,,F,,,reliable
ConCDM_SIM_200421_00687,27,8,1999,,,,F,,,reliable
ConCDM_SIM_200421_00688,6,5,1955,,,,F,,,reliable
ConCDM_SIM_200421_00689,3,9,1970,,,,F,,,reliable
ConCDM_SIM_200421_00690,9,6,1972,,,,F,,,reliable
ConCDM_SIM_200421_00691,11,5,1958,,,,M,,,reliable
ConCDM_SIM_200421_00692,4,5,1953,,,,M,,,reliable
ConCDM_SIM_200421_00693,24,10,1978,,,,M,,,reliable
ConCDM_SIM_200421_00694,19,10,1961,,,,F,,,reliable
ConCDM_SIM_200421_00695,18,2,1967,,,,F,,,reliable
ConCDM_SIM_200421_00696,2,3,1954,,,,F,,,reliable
ConCDM_SIM_200421_00697,27,6,1968,,,,M,,,reliable
ConCDM_SIM_200421_00698,14,1,1958,,,,M,,,reliable
ConCDM_SIM_200421_00699,4,12,1962,,,,F,,,reliable
ConCDM_SIM_200421_00700,15,7,1982,,,,M,,,reliable
ConCDM_SIM_200421_00701,1,10,1980,,,,F,,,reliable
ConCDM_SIM_200421_00702,30,6,1955,,,,F,,,reliable
ConCDM_SIM_200421_00703,29,5,1975,,,,M,,,reliable
ConCDM_SIM_200421_00704,21,10,1960,,,,F,,,reliable
ConCDM_SIM_200421_00705,7,12,1962,,,,F,,,reliable
ConCDM_SIM_200421_00706,26,8,1977,,,,M,,,reliable
ConCDM_SIM_200421_00707,29,3,1960,,,,F,,,reliable
ConCDM_SIM_200421_00708,31,3,2001,,,,F,,,reliable
ConCDM_SIM_200421_00709,17,6,1989,,,,M,,,reliable
ConCDM_SIM_200421_00710,15,7,1977,,,,M,,,reliable
ConCDM_SIM_200421_00711,22,1,1972,,,,F,,,reliable
ConCDM_SIM_200421_00712,26,4,1979,,,,F,,,reliable
ConCDM_SIM_200421_00713,26,12,1985,,,,F,,,reliable
ConCDM_SIM_200421_00714,19,8,1975,,,,M,,,reliable
ConCDM_SIM_200421_00715,13,7,1959,,,,F,,,reliable
ConCDM_SIM_200421_00716,28,6,1958,,,,M,,,reliable
ConCDM_SIM_200421_00717,10,11,1971,,,,F,,,reliable
ConCDM_SIM_200421_00718,30,11,1968,,,,F,,,reliable
ConCDM_SIM_200421_00719,22,9,1965,,,,F,,,reliable
ConCDM_SIM_200421_00720,3,10,1968,,,,M,,,reliable
ConCDM_SIM_200421_00721,7,11,1987,,,,M,,,reliable
ConCDM_SIM_200421_00722,19,10,1995,,,,F,,,reliable
ConCDM_SIM_200421_00723,28,12,1969,,,,F,,,reliable
ConCDM_SIM_200421_00724,23,8,2007,,,,F,,,reliable
ConCDM_SIM_200421_00726,18,2,1955,,,,F,,,reliable
ConCDM_SIM_200421_00727,7,3,1967,,,,F,,,reliable
ConCDM_SIM_200421_00728,3,12,1976,,,,M,,,reliable
ConCDM_SIM_200421_00729,31,3,1967,,,,F,,,reliable
ConCDM_SIM_200421_00730,22,3,1965,,,,F,,,reliable
ConCDM_SIM_200421_00731,3,12,1968,,,,F,,,reliable
ConCDM_SIM_200421_00732,24,9,1969,,,,F,,,reliable
ConCDM_SIM_200421_00733,17,1,1974,,,,M,,,reliable
ConCDM_SIM_200421_00734,23,3,1969,,,,F,,,reliable
ConCDM_SIM_200421_00735,3,11,1969,,,,F,,,reliable
ConCDM_SIM_200421_00736,24,2,1991,,,,F,,,reliable
ConCDM_SIM_200421_00737,28,7,1968,,,,O,,,reliable
ConCDM_SIM_200421_00738,23,3,1959,,,,F,,,reliable
ConCDM_SIM_200421_00739,13,2,1969,,,,F,,,reliable
ConCDM_SIM_200421_00740,15,3,1956,,,,F,,,reliable
ConCDM_SIM_200421_00741,27,5,2001,,,,M,,,reliable
ConCDM_SIM_200421_00742,11,7,1956,,,,F,,,reliable
ConCDM_SIM_200421_00743,3,6,1983,,,,M,,,reliable
ConCDM_SIM_200421_00744,12,6,1976,,,,F,,,reliable
ConCDM_SIM_200421_00745,31,12,1952,,,,M,,,reliable
ConCDM_SIM_200421_00746,30,7,1970,,,,F,,,reliable
ConCDM_SIM_200421_00747,4,5,1959,,,,F,,,reliable
ConCDM_SIM_200421_00748,13,8,1952,,,,M,,,reliable
ConCDM_SIM_200421_00749,18,5,1969,,,,F,,,reliable
ConCDM_SIM_200421_00750,18,3,2000,,,,F,,,reliable
ConCDM_SIM_200421_00751,9,4,1981,,,,M,,,reliable
ConCDM_SIM_200421_00752,3,8,1974,,,,M,,,reliable
ConCDM_SIM_200421_00753,9,5,1980,,,,F,,,reliable
ConCDM_SIM_200421_00754,17,12,1974,,,,M,,,reliable
ConCDM_SIM_200421_00755,23,3,1971,,,,F,,,reliable
ConCDM_SIM_200421_00756,1,7,1992,,,,F,,,reliable
ConCDM_SIM_200421_00757,19,12,1983,,,,M,,,reliable
ConCDM_SIM_200421_00758,28,11,1955,10,8,2015,F,,,reliable
ConCDM_SIM_200421_00759,30,8,1968,,,,M,,,reliable
ConCDM_SIM_200421_00761,23,11,1972,,,,F,,,reliable
ConCDM_SIM_200421_00762,29,6,2015,,,,F,,,reliable
ConCDM_SIM_200421_00763,27,2,1955,,,,F,,,reliable
ConCDM_SIM_200421_00764,23,5,1977,,,,M,,,reliable
ConCDM_SIM_200421_00765,8,10,1951,,,,F,,,reliable
ConCDM_SIM_200421_00766,2,6,1977,,,,M,,,reliable
ConCDM_SIM_200421_00767,16,12,1963,,,,F,,,reliable
ConCDM_SIM_200421_00768,1,11,1962,,,,F,,,reliable
ConCDM_SIM_200421_00769,15,4,1957,,,,F,,,reliable
ConCDM_SIM_200421_00770,4,8,1984,,,,M,,,reliable
ConCDM_SIM_200421_00771,27,12,1950,3,5,2015,M,,,reliable
ConCDM_SIM_200421_00772,20,4,1965,,,,F,,,reliable
ConCDM_SIM_200421_00773,1,6,1972,,,,F,,,reliable
ConCDM_SIM_200421_00774,27,7,1984,,,,M,,,reliable
ConCDM_SIM_200421_00775,8,12,1967,,,,M,,,reliable
ConCDM_SIM_200421_00776,14,12,1982,4,7,2018,M,,,reliable
ConCDM_SIM_200421_00777,7,2,1970,,,,F,,,reliable
ConCDM_SIM_200421_00778,26,5,1971,,,,F,,,reliable
ConCDM_SIM_200421_00779,30,7,1983,,,,M,,,reliable
ConCDM_SIM_200421_00780,7,2,1968,,,,F,,,reliable
ConCDM_SIM_200421_00781,3,6,1973,,,,M,,,reliable
ConCDM_SIM_200421_00782,31,1,1976,,,,F,,,reliable
ConCDM_SIM_200421_00783,10,6,1970,,,,F,,,reliable
ConCDM_SIM_200421_00784,18,3,1958,,,,M,,,reliable
ConCDM_SIM_200421_00785,22,4,1960,,,,F,,,reliable
ConCDM_SIM_200421_00787,10,3,1967,,,,F,,,reliable
ConCDM_SIM_200421_00788,4,4,1988,,,,M,,,reliable
ConCDM_SIM_200421_00789,11,7,1954,,,,F,,,reliable
ConCDM_SIM_200421_00790,3,9,1960,,,,F,,,reliable
ConCDM_SIM_200421_00791,28,1,1965,,,,F,,,reliable
ConCDM_SIM_200421_00792,16,6,1970,,,,F,,,reliable
ConCDM_SIM_200421_00793,27,5,1968,,,,M,,,reliable
ConCDM_SIM_200421_00794,17,6,1991,,,,F,,,reliable
ConCDM_SIM_200421_00795,28,4,1955,,,,F,,,reliable
ConCDM_SIM_200421_00796,28,5,1973,,,,M,,,reliable
ConCDM_SIM_200421_00797,24,8,1966,,,,F,,,reliable
ConCDM_SIM_200421_00798,2,5,2016,,,,F,,,reliable
ConCDM_SIM_200421_00799,28,9,1982,,,,M,,,reliable
ConCDM_SIM_200421_00800,26,5,1971,,,,F,,,reliable
ConCDM_SIM_200421_00801,13,8,1969,,,,F,,,reliable
ConCDM_SIM_200421_00802,10,3,1978,,,,M,,,reliable
ConCDM_SIM_200421_00803,28,3,1992,,,,F,,,reliable
ConCDM_SIM_200421_00804,16,4,1968,,,,O,,,reliable
ConCDM_SIM_200421_00805,11,4,1995,,,,F,,,reliable
ConCDM_SIM_200421_00806,22,12,1968,,,,F,,,reliable
ConCDM_SIM_200421_00807,8,1,1965,,,,F,,,reliable
ConCDM_SIM_200421_00808,20,3,1986,,,,F,,,reliable
ConCDM_SIM_200421_00809,9,5,1992,,,,F,,,reliable
ConCDM_SIM_200421_00810,9,6,1959,,,,F,,,reliable
ConCDM_SIM_200421_00811,9,3,2013,,,,M,,,reliable
ConCDM_SIM_200421_00812,21,5,1954,,,,F,,,reliable
ConCDM_SIM_200421_00813,26,12,1995,,,,F,,,reliable
ConCDM_SIM_200421_00814,15,9,1980,,,,F,,,reliable
ConCDM_SIM_200421_00815,1,2,1957,,,,F,,,reliable
ConCDM_SIM_200421_00816,27,5,1951,,,,F,,,reliable
ConCDM_SIM_200421_00817,8,9,1968,,,,O,,,reliable
ConCDM_SIM_200421_00818,25,1,1970,,,,F,,,reliable
ConCDM_SIM_200421_00819,2,10,1970,,,,F,,,reliable
ConCDM_SIM_200421_00820,13,3,1988,,,,M,,,reliable
ConCDM_SIM_200421_00821,31,5,1963,,,,F,,,reliable
ConCDM_SIM_200421_00822,25,1,1972,,,,F,,,reliable
ConCDM_SIM_200421_00823,15,10,1967,,,,F,,,reliable
ConCDM_SIM_200421_00824,1,7,1962,,,,F,,,reliable
ConCDM_SIM_200421_00825,4,2,1984,,,,M,,,reliable
ConCDM_SIM_200421_00826,24,2,1960,,,,F,,,reliable
ConCDM_SIM_200421_00827,10,4,1957,,,,F,,,reliable
ConCDM_SIM_200421_00828,12,10,1977,,,,M,,,reliable
ConCDM_SIM_200421_00829,24,12,1955,,,,F,,,reliable
ConCDM_SIM_200421_00830,14,1,1963,,,,F,,,reliable
ConCDM_SIM_200421_00831,25,3,1968,,,,F,,,reliable
ConCDM_SIM_200421_00832,30,3,1987,,,,M,,,reliable
ConCDM_SIM_200421_00833,13,8,1959,3,3,2008,F,,,reliable
ConCDM_SIM_200421_00834,31,3,1963,,,,F,,,reliable
ConCDM_SIM_200421_00835,14,9,1973,,,,M,,,reliable
ConCDM_SIM_200421_00836,6,2,2015,,,,F,,,reliable
ConCDM_SIM_200421_00837,1,11,1967,,,,F,,,reliable
ConCDM_SIM_200421_00838,24,7,1974,,,,M,,,reliable
ConCDM_SIM_200421_00839,19,1,1963,,,,F,,,reliable
ConCDM_SIM_200421_00840,26,4,2014,,,,F,,,reliable
ConCDM_SIM_200421_00841,22,7,1967,,,,F,,,reliable
ConCDM_SIM_200421_00842,4,8,1969,,,,F,,,reliable
ConCDM_SIM_200421_00843,22,1,1978,,,,M,,,reliable
ConCDM_SIM_200421_00844,23,4,1956,,,,F,,,reliable
ConCDM_SIM_200421_00845,9,8,2007,,,,F,,,reliable
ConCDM_SIM_200421_00846,26,4,1991,,,,F,,,reliable
ConCDM_SIM_200421_00847,13,3,1965,,,,F,,,reliable
ConCDM_SIM_200421_00848,9,7,1977,,,,M,,,reliable
ConCDM_SIM_200421_00849,25,4,1968,,,,F,,,reliable
ConCDM_SIM_200421_00850,3,5,2014,,,,F,,,reliable
ConCDM_SIM_200421_00851,5,10,1965,,,,F,,,reliable
ConCDM_SIM_200421_00852,23,1,1965,,,,F,,,reliable
ConCDM_SIM_200421_00853,1,8,1974,,,,M,,,reliable
ConCDM_SIM_200421_00854,10,6,1961,,,,F,,,reliable
ConCDM_SIM_200421_00855,15,8,1967,,,,M,,,reliable
ConCDM_SIM_200421_00856,27,3,1983,,,,M,,,reliable
ConCDM_SIM_200421_00857,13,5,2015,,,,F,,,reliable
ConCDM_SIM_200421_00858,3,7,1977,,,,F,,,reliable
ConCDM_SIM_200421_00859,11,10,1973,,,,M,,,reliable
ConCDM_SIM_200421_00860,30,3,1967,,,,F,,,reliable
ConCDM_SIM_200421_00861,2,10,1972,,,,F,,,reliable
ConCDM_SIM_200421_00862,20,12,1976,,,,F,,,reliable
ConCDM_SIM_200421_00863,16,9,1975,,,,M,,,reliable
ConCDM_SIM_200421_00864,10,11,1964,,,,F,,,reliable
ConCDM_SIM_200421_00865,5,9,1971,,,,F,,,reliable
ConCDM_SIM_200421_00866,3,11,1967,,,,F,,,reliable
ConCDM_SIM_200421_00867,18,1,1968,,,,F,,,reliable
ConCDM_SIM_200421_00868,30,3,1988,,,,M,,,reliable
ConCDM_SIM_200421_00869,16,8,1979,,,,M,,,reliable
ConCDM_SIM_200421_00870,2,4,1967,,,,F,,,reliable
ConCDM_SIM_200421_00871,27,5,1987,,,,F,,,reliable
ConCDM_SIM_200421_00872,4,12,1967,,,,F,,,reliable
ConCDM_SIM_200421_00873,25,12,1967,,,,F,,,reliable
ConCDM_SIM_200421_00874,19,5,1964,,,,F,,,reliable
ConCDM_SIM_200421_00876,30,11,1982,,,,M,,,reliable
ConCDM_SIM_200421_00877,20,9,1976,,,,F,,,reliable
ConCDM_SIM_200421_00878,21,4,1967,,,,F,,,reliable
ConCDM_SIM_200421_00879,25,10,1961,,,,F,,,reliable
ConCDM_SIM_200421_00880,5,8,1975,,,,M,,,reliable
ConCDM_SIM_200421_00881,8,4,1989,,,,M,,,reliable
ConCDM_SIM_200421_00882,28,4,1968,,,,U,,,reliable
ConCDM_SIM_200421_00883,13,3,1983,,,,F,,,reliable
ConCDM_SIM_200421_00884,19,4,1991,,,,F,,,reliable
ConCDM_SIM_200421_00885,11,8,1977,,,,F,,,reliable
ConCDM_SIM_200421_00886,19,8,1967,,,,M,,,reliable
ConCDM_SIM_200421_00887,9,10,1957,,,,M,,,reliable
ConCDM_SIM_200421_00888,18,8,1964,,,,F,,,reliable
ConCDM_SIM_200421_00889,26,7,1967,,,,F,,,reliable
ConCDM_SIM_200421_00890,18,7,1966,,,,F,,,reliable
ConCDM_SIM_200421_00891,12,9,1965,,,,F,,,reliable
ConCDM_SIM_200421_00893,18,4,1972,,,,F,,,reliable
ConCDM_SIM_200421_00894,12,7,2006,,,,M,,,reliable
ConCDM_SIM_200421_00895,17,6,1966,,,,F,,,reliable
ConCDM_SIM_200421_00896,21,4,1992,,,,F,,,reliable
ConCDM_SIM_200421_00897,15,7,2013,,,,M,,,reliable
ConCDM_SIM_200421_00898,29,7,1979,,,,M,,,reliable
ConCDM_SIM_200421_00899,14,10,1986,,,,F,,,reliable
ConCDM_SIM_200421_00900,11,11,1976,,,,F,,,reliable
ConCDM_SIM_200421_00901,27,5,1981,,,,M,,,reliable
ConCDM_SIM_200421_00902,31,3,1987,,,,F,,,reliable
ConCDM_SIM_200421_00903,13,9,1970,,,,F,,,reliable
ConCDM_SIM_200421_00904,18,8,1961,,,,F,,,reliable
ConCDM_SIM_200421_00905,8,10,1959,,,,F,,,reliable
ConCDM_SIM_200421_00906,29,4,2015,,,,F,,,reliable
ConCDM_SIM_200421_00907,13,8,1964,,,,F,,,reliable
ConCDM_SIM_200421_00908,25,12,1989,,,,M,,,reliable
ConCDM_SIM_200421_00909,18,12,1991,,,,F,,,reliable
ConCDM_SIM_200421_00910,21,2,1958,7,3,2020,M,,,reliable
ConCDM_SIM_200421_00911,1,9,1983,,,,F,,,reliable
ConCDM_SIM_200421_00912,24,5,1980,,,,F,,,reliable
ConCDM_SIM_200421_00913,27,7,1979,,,,M,,,reliable
ConCDM_SIM_200421_00914,21,3,1957,,,,M,,,reliable
ConCDM_SIM_200421_00915,26,5,1968,,,,F,,,reliable
ConCDM_SIM_200421_00916,4,6,1982,,,,M,,,reliable
ConCDM_SIM_200421_00917,22,11,1973,,,,M,,,reliable
ConCDM_SIM_200421_00918,15,12,1960,,,,F,,,reliable
ConCDM_SIM_200421_00919,18,8,1966,,,,F,,,reliable
ConCDM_SIM_200421_00920,25,7,1957,,,,F,,,reliable
ConCDM_SIM_200421_00921,13,3,1983,,,,F,,,reliable
ConCDM_SIM_200421_00922,27,11,1971,,,,F,,,reliable
ConCDM_SIM_200421_00923,19,11,1956,,,,F,,,reliable
ConCDM_SIM_200421_00924,27,12,2009,,,,M,,,reliable
ConCDM_SIM_200421_00925,21,1,1968,,,,F,,,reliable
ConCDM_SIM_200421_00926,26,5,1976,,,,F,,,reliable
ConCDM_SIM_200421_00927,31,7,1967,,,,M,,,reliable
ConCDM_SIM_200421_00928,12,11,1956,,,,F,,,reliable
ConCDM_SIM_200421_00929,22,8,1968,,,,U,,,reliable
ConCDM_SIM_200421_00930,28,11,1957,,,,F,,,reliable
ConCDM_SIM_200421_00931,11,12,1973,,,,M,,,reliable
ConCDM_SIM_200421_00932,4,7,1987,,,,F,,,reliable
ConCDM_SIM_200421_00933,7,3,1966,,,,F,,,reliable
ConCDM_SIM_200421_00934,1,8,1966,,,,F,,,reliable
ConCDM_SIM_200421_00935,4,12,1972,,,,F,,,reliable
ConCDM_SIM_200421_00936,6,2,1978,,,,M,,,reliable
ConCDM_SIM_200421_00937,4,3,1973,,,,M,,,reliable
ConCDM_SIM_200421_00938,4,1,1967,,,,F,,,reliable
ConCDM_SIM_200421_00939,9,6,2016,,,,F,,,reliable
ConCDM_SIM_200421_00940,29,4,1964,,,,F,,,reliable
ConCDM_SIM_200421_00941,1,11,1950,,,,M,,,reliable
ConCDM_SIM_200421_00942,22,4,1980,,,,F,,,reliable
ConCDM_SIM_200421_00943,7,6,1989,,,,M,,,reliable
ConCDM_SIM_200421_00944,14,7,1995,,,,F,,,reliable
ConCDM_SIM_200421_00945,8,10,1976,,,,F,,,reliable
ConCDM_SIM_200421_00946,8,7,1991,,,,F,,,reliable
ConCDM_SIM_200421_00947,1,10,1975,,,,M,,,reliable
ConCDM_SIM_200421_00948,15,1,1957,,,,F,,,reliable
ConCDM_SIM_200421_00949,3,2,1968,,,,F,,,reliable
ConCDM_SIM_200421_00950,10,2,1967,,,,F,,,reliable
ConCDM_SIM_200421_00951,14,1,1989,,,,M,,,reliable
ConCDM_SIM_200421_00952,30,4,1950,,,,M,,,reliable
ConCDM_SIM_200421_00953,9,11,1969,,,,F,,,reliable
ConCDM_SIM_200421_00954,11,8,1956,,,,F,,,reliable
ConCDM_SIM_200421_00955,26,1,1991,,,,F,,,reliable
ConCDM_SIM_200421_00956,13,11,1959,,,,F,,,reliable
ConCDM_SIM_200421_00957,5,2,1982,,,,M,,,reliable
ConCDM_SIM_200421_00958,20,4,2015,,,,M,,,reliable
ConCDM_SIM_200421_00959,3,5,1965,,,,F,,,reliable
ConCDM_SIM_200421_00960,27,5,1965,,,,F,,,reliable
ConCDM_SIM_200421_00961,19,3,1987,,,,F,,,reliable
ConCDM_SIM_200421_00962,13,4,1955,,,,F,,,reliable
ConCDM_SIM_200421_00963,23,9,1959,,,,F,,,reliable
ConCDM_SIM_200421_00964,21,11,1989,,,,M,,,reliable
ConCDM_SIM_200421_00965,25,7,1991,,,,F,,,reliable
ConCDM_SIM_200421_00966,20,8,1957,,,,M,,,reliable
ConCDM_SIM_200421_00967,26,12,1969,,,,F,,,reliable
ConCDM_SIM_200421_00968,14,10,1979,,,,M,,,reliable
ConCDM_SIM_200421_00969,23,9,1981,,,,F,,,reliable
ConCDM_SIM_200421_00970,14,6,1978,,,,M,,,reliable
ConCDM_SIM_200421_00971,1,11,1967,,,,F,,,reliable
ConCDM_SIM_200421_00972,16,12,1952,,,,M,,,reliable
ConCDM_SIM_200421_00973,1,1,1972,,,,F,,,reliable
ConCDM_SIM_200421_00974,20,12,1995,,,,F,,,reliable
ConCDM_SIM_200421_00975,8,7,1979,,,,M,,,reliable
ConCDM_SIM_200421_00976,13,9,1974,,,,M,,,reliable
ConCDM_SIM_200421_00977,1,4,1974,,,,M,,,reliable
ConCDM_SIM_200421_00978,16,7,1966,,,,F,,,reliable
ConCDM_SIM_200421_00979,24,7,1984,,,,M,,,reliable
ConCDM_SIM_200421_00980,10,12,1976,29,11,2006,F,,,reliable
ConCDM_SIM_200421_00981,15,8,1988,,,,M,,,reliable
ConCDM_SIM_200421_00982,11,7,1968,,,,F,,,reliable
ConCDM_SIM_200421_00983,29,7,1967,,,,F,,,reliable
ConCDM_SIM_200421_00984,24,2,1981,,,,F,,,reliable
ConCDM_SIM_200421_00985,23,3,1956,,,,F,,,reliable
ConCDM_SIM_200421_00986,8,8,1967,,,,F,,,reliable
ConCDM_SIM_200421_00987,8,1,1989,,,,M,,,reliable
ConCDM_SIM_200421_00988,9,7,2008,,,,F,,,reliable
ConCDM_SIM_200421_00989,28,5,1992,,,,F,,,reliable
ConCDM_SIM_200421_00990,12,1,1968,,,,M,,,reliable
ConCDM_SIM_200421_00991,25,12,1972,,,,F,,,reliable
ConCDM_SIM_200421_00992,3,11,1991,,,,F,,,reliable
ConCDM_SIM_200421_00993,22,3,1985,,,,F,,,reliable
ConCDM_SIM_200421_00994,28,5,1957,,,,F,,,reliable
ConCDM_SIM_200421_00996,20,5,1986,,,,F,,,reliable
ConCDM_SIM_200421_00997,16,12,1979,,,,M,,,reliable
ConCDM_SIM_200421_00998,8,12,2001,,,,M,,,reliable
ConCDM_SIM_200421_00999,4,2,1981,,,,F,,,reliable
ConCDM_SIM_200421_01000,23,11,1973,,,,M,,,reliable