person_id,so_date,so_source_table,so_source_column,so_source_value,so_unit,so_origin,so_meaning,survey_id
ConCDM_SIM_200421_00069,20051014,ABS,ABORTI,0,"",ABS,spontaneous_abortion_registry,ABS_1
ConCDM_SIM_200421_00069,20051014,ABS,ANONIMO,9,"",ABS,spontaneous_abortion_registry,ABS_1
ConCDM_SIM_200421_00069,20051014,ABS,CAUSA,36,"",ABS,spontaneous_abortion_registry,ABS_1
ConCDM_SIM_200421_00069,20051014,ABS,CITTU_ARSNEW,100,"",ABS,spontaneous_abortion_registry,ABS_1
ConCDM_SIM_200421_00069,20051014,ABS,COMPLIC,1,"",ABS,spontaneous_abortion_registry,ABS_1
ConCDM_SIM_200421_00069,20051014,ABS,CONDPROF,4,"",ABS,spontaneous_abortion_registry,ABS_1
ConCDM_SIM_200421_00069,20051014,ABS,DEGENZA,1,"",ABS,spontaneous_abortion_registry,ABS_1
ConCDM_SIM_200421_00069,20051014,ABS,ETAMADRE_ARSNEW,34,"",ABS,spontaneous_abortion_registry,ABS_1
ConCDM_SIM_200421_00069,20051014,ABS,FIGLI,1,"",ABS,spontaneous_abortion_registry,ABS_1
ConCDM_SIM_200421_00069,20051014,ABS,IVG,0,"",ABS,spontaneous_abortion_registry,ABS_1
ConCDM_SIM_200421_00069,20051014,ABS,LUOGO,1,"",ABS,spontaneous_abortion_registry,ABS_1
ConCDM_SIM_200421_00069,20051014,ABS,METODO,9,"",ABS,spontaneous_abortion_registry,ABS_1
ConCDM_SIM_200421_00069,20051014,ABS,NATMORTI,0,"",ABS,spontaneous_abortion_registry,ABS_1
ConCDM_SIM_200421_00069,20051014,ABS,NATVIVI,1,"",ABS,spontaneous_abortion_registry,ABS_1
ConCDM_SIM_200421_00069,20051014,ABS,RAMATT,0,"",ABS,spontaneous_abortion_registry,ABS_1
ConCDM_SIM_200421_00069,20051014,ABS,RIPRASS,2,"",ABS,spontaneous_abortion_registry,ABS_1
ConCDM_SIM_200421_00069,20051014,ABS,SETTAMEN_ARSNEW,8,"",ABS,spontaneous_abortion_registry,ABS_1
ConCDM_SIM_200421_00069,20051014,ABS,STATCIV,2,"",ABS,spontaneous_abortion_registry,ABS_1
ConCDM_SIM_200421_00069,20051014,ABS,TERAPIA,1,"",ABS,spontaneous_abortion_registry,ABS_1
ConCDM_SIM_200421_00069,20051014,ABS,TIPO,3,"",ABS,spontaneous_abortion_registry,ABS_1
ConCDM_SIM_200421_00069,20051014,ABS,TITSTU,9,"",ABS,spontaneous_abortion_registry,ABS_1
ConCDM_SIM_200421_00069,20051014,ABS,DATAINT,2005-10-14,"",ABS,spontaneous_abortion_registry,ABS_1
ConCDM_SIM_200421_00219,20090302,ABS,ABORTI,0,"",ABS,spontaneous_abortion_registry,ABS_2
ConCDM_SIM_200421_00219,20090302,ABS,ANONIMO,"","",ABS,spontaneous_abortion_registry,ABS_2
ConCDM_SIM_200421_00219,20090302,ABS,CAUSA,35,"",ABS,spontaneous_abortion_registry,ABS_2
ConCDM_SIM_200421_00219,20090302,ABS,CITTU_ARSNEW,450,"",ABS,spontaneous_abortion_registry,ABS_2
ConCDM_SIM_200421_00219,20090302,ABS,COMPLIC,1,"",ABS,spontaneous_abortion_registry,ABS_2
ConCDM_SIM_200421_00219,20090302,ABS,CONDPROF,9,"",ABS,spontaneous_abortion_registry,ABS_2
ConCDM_SIM_200421_00219,20090302,ABS,DEGENZA,0,"",ABS,spontaneous_abortion_registry,ABS_2
ConCDM_SIM_200421_00219,20090302,ABS,ETAMADRE_ARSNEW,27,"",ABS,spontaneous_abortion_registry,ABS_2
ConCDM_SIM_200421_00219,20090302,ABS,FIGLI,0,"",ABS,spontaneous_abortion_registry,ABS_2
ConCDM_SIM_200421_00219,20090302,ABS,IVG,0,"",ABS,spontaneous_abortion_registry,ABS_2
ConCDM_SIM_200421_00219,20090302,ABS,LUOGO,1,"",ABS,spontaneous_abortion_registry,ABS_2
ConCDM_SIM_200421_00219,20090302,ABS,METODO,9,"",ABS,spontaneous_abortion_registry,ABS_2
ConCDM_SIM_200421_00219,20090302,ABS,NATMORTI,0,"",ABS,spontaneous_abortion_registry,ABS_2
ConCDM_SIM_200421_00219,20090302,ABS,NATVIVI,0,"",ABS,spontaneous_abortion_registry,ABS_2
ConCDM_SIM_200421_00219,20090302,ABS,RAMATT,9,"",ABS,spontaneous_abortion_registry,ABS_2
ConCDM_SIM_200421_00219,20090302,ABS,RIPRASS,2,"",ABS,spontaneous_abortion_registry,ABS_2
ConCDM_SIM_200421_00219,20090302,ABS,SETTAMEN_ARSNEW,7,"",ABS,spontaneous_abortion_registry,ABS_2
ConCDM_SIM_200421_00219,20090302,ABS,STATCIV,9,"",ABS,spontaneous_abortion_registry,ABS_2
ConCDM_SIM_200421_00219,20090302,ABS,TERAPIA,1,"",ABS,spontaneous_abortion_registry,ABS_2
ConCDM_SIM_200421_00219,20090302,ABS,TIPO,2,"",ABS,spontaneous_abortion_registry,ABS_2
ConCDM_SIM_200421_00219,20090302,ABS,TITSTU,9,"",ABS,spontaneous_abortion_registry,ABS_2
ConCDM_SIM_200421_00219,20090302,ABS,DATAINT,2009-03-02,"",ABS,spontaneous_abortion_registry,ABS_2
ConCDM_SIM_200421_00313,20040210,ABS,ABORTI,0,"",ABS,spontaneous_abortion_registry,ABS_3
ConCDM_SIM_200421_00313,20040210,ABS,ANONIMO,"","",ABS,spontaneous_abortion_registry,ABS_3
ConCDM_SIM_200421_00313,20040210,ABS,CAUSA,36,"",ABS,spontaneous_abortion_registry,ABS_3
ConCDM_SIM_200421_00313,20040210,ABS,CITTU_ARSNEW,516,"",ABS,spontaneous_abortion_registry,ABS_3
ConCDM_SIM_200421_00313,20040210,ABS,COMPLIC,1,"",ABS,spontaneous_abortion_registry,ABS_3
ConCDM_SIM_200421_00313,20040210,ABS,CONDPROF,4,"",ABS,spontaneous_abortion_registry,ABS_3
ConCDM_SIM_200421_00313,20040210,ABS,DEGENZA,0,"",ABS,spontaneous_abortion_registry,ABS_3
ConCDM_SIM_200421_00313,20040210,ABS,ETAMADRE_ARSNEW,30,"",ABS,spontaneous_abortion_registry,ABS_3
ConCDM_SIM_200421_00313,20040210,ABS,FIGLI,3,"",ABS,spontaneous_abortion_registry,ABS_3
ConCDM_SIM_200421_00313,20040210,ABS,IVG,0,"",ABS,spontaneous_abortion_registry,ABS_3
ConCDM_SIM_200421_00313,20040210,ABS,LUOGO,3,"",ABS,spontaneous_abortion_registry,ABS_3
ConCDM_SIM_200421_00313,20040210,ABS,METODO,9,"",ABS,spontaneous_abortion_registry,ABS_3
ConCDM_SIM_200421_00313,20040210,ABS,NATMORTI,0,"",ABS,spontaneous_abortion_registry,ABS_3
ConCDM_SIM_200421_00313,20040210,ABS,NATVIVI,3,"",ABS,spontaneous_abortion_registry,ABS_3
ConCDM_SIM_200421_00313,20040210,ABS,RAMATT,0,"",ABS,spontaneous_abortion_registry,ABS_3
ConCDM_SIM_200421_00313,20040210,ABS,RIPRASS,2,"",ABS,spontaneous_abortion_registry,ABS_3
ConCDM_SIM_200421_00313,20040210,ABS,SETTAMEN_ARSNEW,6,"",ABS,spontaneous_abortion_registry,ABS_3
ConCDM_SIM_200421_00313,20040210,ABS,STATCIV,2,"",ABS,spontaneous_abortion_registry,ABS_3
ConCDM_SIM_200421_00313,20040210,ABS,TERAPIA,2,"",ABS,spontaneous_abortion_registry,ABS_3
ConCDM_SIM_200421_00313,20040210,ABS,TIPO,2,"",ABS,spontaneous_abortion_registry,ABS_3
ConCDM_SIM_200421_00313,20040210,ABS,TITSTU,2,"",ABS,spontaneous_abortion_registry,ABS_3
ConCDM_SIM_200421_00313,20040210,ABS,DATAINT,2004-02-10,"",ABS,spontaneous_abortion_registry,ABS_3
ConCDM_SIM_200421_00313,20060411,ABS,ABORTI,0,"",ABS,spontaneous_abortion_registry,ABS_4
ConCDM_SIM_200421_00313,20060411,ABS,ANONIMO,9,"",ABS,spontaneous_abortion_registry,ABS_4
ConCDM_SIM_200421_00313,20060411,ABS,CAUSA,36,"",ABS,spontaneous_abortion_registry,ABS_4
ConCDM_SIM_200421_00313,20060411,ABS,CITTU_ARSNEW,515,"",ABS,spontaneous_abortion_registry,ABS_4
ConCDM_SIM_200421_00313,20060411,ABS,COMPLIC,1,"",ABS,spontaneous_abortion_registry,ABS_4
ConCDM_SIM_200421_00313,20060411,ABS,CONDPROF,4,"",ABS,spontaneous_abortion_registry,ABS_4
ConCDM_SIM_200421_00313,20060411,ABS,DEGENZA,0,"",ABS,spontaneous_abortion_registry,ABS_4
ConCDM_SIM_200421_00313,20060411,ABS,ETAMADRE_ARSNEW,32,"",ABS,spontaneous_abortion_registry,ABS_4
ConCDM_SIM_200421_00313,20060411,ABS,FIGLI,2,"",ABS,spontaneous_abortion_registry,ABS_4
ConCDM_SIM_200421_00313,20060411,ABS,IVG,0,"",ABS,spontaneous_abortion_registry,ABS_4
ConCDM_SIM_200421_00313,20060411,ABS,LUOGO,1,"",ABS,spontaneous_abortion_registry,ABS_4
ConCDM_SIM_200421_00313,20060411,ABS,METODO,9,"",ABS,spontaneous_abortion_registry,ABS_4
ConCDM_SIM_200421_00313,20060411,ABS,NATMORTI,0,"",ABS,spontaneous_abortion_registry,ABS_4
ConCDM_SIM_200421_00313,20060411,ABS,NATVIVI,2,"",ABS,spontaneous_abortion_registry,ABS_4
ConCDM_SIM_200421_00313,20060411,ABS,RAMATT,0,"",ABS,spontaneous_abortion_registry,ABS_4
ConCDM_SIM_200421_00313,20060411,ABS,RIPRASS,2,"",ABS,spontaneous_abortion_registry,ABS_4
ConCDM_SIM_200421_00313,20060411,ABS,SETTAMEN_ARSNEW,8,"",ABS,spontaneous_abortion_registry,ABS_4
ConCDM_SIM_200421_00313,20060411,ABS,STATCIV,2,"",ABS,spontaneous_abortion_registry,ABS_4
ConCDM_SIM_200421_00313,20060411,ABS,TERAPIA,1,"",ABS,spontaneous_abortion_registry,ABS_4
ConCDM_SIM_200421_00313,20060411,ABS,TIPO,1,"",ABS,spontaneous_abortion_registry,ABS_4
ConCDM_SIM_200421_00313,20060411,ABS,TITSTU,2,"",ABS,spontaneous_abortion_registry,ABS_4
ConCDM_SIM_200421_00313,20060411,ABS,DATAINT,2006-04-11,"",ABS,spontaneous_abortion_registry,ABS_4
ConCDM_SIM_200421_00449,20040621,ABS,ABORTI,0,"",ABS,spontaneous_abortion_registry,ABS_5
ConCDM_SIM_200421_00449,20040621,ABS,ANONIMO,9,"",ABS,spontaneous_abortion_registry,ABS_5
ConCDM_SIM_200421_00449,20040621,ABS,CAUSA,36,"",ABS,spontaneous_abortion_registry,ABS_5
ConCDM_SIM_200421_00449,20040621,ABS,CITTU_ARSNEW,100,"",ABS,spontaneous_abortion_registry,ABS_5
ConCDM_SIM_200421_00449,20040621,ABS,COMPLIC,1,"",ABS,spontaneous_abortion_registry,ABS_5
ConCDM_SIM_200421_00449,20040621,ABS,CONDPROF,4,"",ABS,spontaneous_abortion_registry,ABS_5
ConCDM_SIM_200421_00449,20040621,ABS,DEGENZA,1,"",ABS,spontaneous_abortion_registry,ABS_5
ConCDM_SIM_200421_00449,20040621,ABS,ETAMADRE_ARSNEW,39,"",ABS,spontaneous_abortion_registry,ABS_5
ConCDM_SIM_200421_00449,20040621,ABS,FIGLI,0,"",ABS,spontaneous_abortion_registry,ABS_5
ConCDM_SIM_200421_00449,20040621,ABS,IVG,0,"",ABS,spontaneous_abortion_registry,ABS_5
ConCDM_SIM_200421_00449,20040621,ABS,LUOGO,1,"",ABS,spontaneous_abortion_registry,ABS_5
ConCDM_SIM_200421_00449,20040621,ABS,METODO,9,"",ABS,spontaneous_abortion_registry,ABS_5
ConCDM_SIM_200421_00449,20040621,ABS,NATMORTI,0,"",ABS,spontaneous_abortion_registry,ABS_5
ConCDM_SIM_200421_00449,20040621,ABS,NATVIVI,0,"",ABS,spontaneous_abortion_registry,ABS_5
ConCDM_SIM_200421_00449,20040621,ABS,RAMATT,0,"",ABS,spontaneous_abortion_registry,ABS_5
ConCDM_SIM_200421_00449,20040621,ABS,RIPRASS,2,"",ABS,spontaneous_abortion_registry,ABS_5
ConCDM_SIM_200421_00449,20040621,ABS,SETTAMEN_ARSNEW,8,"",ABS,spontaneous_abortion_registry,ABS_5
ConCDM_SIM_200421_00449,20040621,ABS,STATCIV,2,"",ABS,spontaneous_abortion_registry,ABS_5
ConCDM_SIM_200421_00449,20040621,ABS,TERAPIA,1,"",ABS,spontaneous_abortion_registry,ABS_5
ConCDM_SIM_200421_00449,20040621,ABS,TIPO,2,"",ABS,spontaneous_abortion_registry,ABS_5
ConCDM_SIM_200421_00449,20040621,ABS,TITSTU,2,"",ABS,spontaneous_abortion_registry,ABS_5
ConCDM_SIM_200421_00449,20040621,ABS,DATAINT,2004-06-21,"",ABS,spontaneous_abortion_registry,ABS_5
ConCDM_SIM_200421_00449,20040801,ABS,ABORTI,0,"",ABS,spontaneous_abortion_registry,ABS_6
ConCDM_SIM_200421_00449,20040801,ABS,ANONIMO,9,"",ABS,spontaneous_abortion_registry,ABS_6
ConCDM_SIM_200421_00449,20040801,ABS,CAUSA,36,"",ABS,spontaneous_abortion_registry,ABS_6
ConCDM_SIM_200421_00449,20040801,ABS,CITTU_ARSNEW,100,"",ABS,spontaneous_abortion_registry,ABS_6
ConCDM_SIM_200421_00449,20040801,ABS,COMPLIC,1,"",ABS,spontaneous_abortion_registry,ABS_6
ConCDM_SIM_200421_00449,20040801,ABS,CONDPROF,4,"",ABS,spontaneous_abortion_registry,ABS_6
ConCDM_SIM_200421_00449,20040801,ABS,DEGENZA,0,"",ABS,spontaneous_abortion_registry,ABS_6
ConCDM_SIM_200421_00449,20040801,ABS,ETAMADRE_ARSNEW,39,"",ABS,spontaneous_abortion_registry,ABS_6
ConCDM_SIM_200421_00449,20040801,ABS,FIGLI,0,"",ABS,spontaneous_abortion_registry,ABS_6
ConCDM_SIM_200421_00449,20040801,ABS,IVG,0,"",ABS,spontaneous_abortion_registry,ABS_6
ConCDM_SIM_200421_00449,20040801,ABS,LUOGO,1,"",ABS,spontaneous_abortion_registry,ABS_6
ConCDM_SIM_200421_00449,20040801,ABS,METODO,9,"",ABS,spontaneous_abortion_registry,ABS_6
ConCDM_SIM_200421_00449,20040801,ABS,NATMORTI,0,"",ABS,spontaneous_abortion_registry,ABS_6
ConCDM_SIM_200421_00449,20040801,ABS,NATVIVI,0,"",ABS,spontaneous_abortion_registry,ABS_6
ConCDM_SIM_200421_00449,20040801,ABS,RAMATT,0,"",ABS,spontaneous_abortion_registry,ABS_6
ConCDM_SIM_200421_00449,20040801,ABS,RIPRASS,2,"",ABS,spontaneous_abortion_registry,ABS_6
ConCDM_SIM_200421_00449,20040801,ABS,SETTAMEN_ARSNEW,8,"",ABS,spontaneous_abortion_registry,ABS_6
ConCDM_SIM_200421_00449,20040801,ABS,STATCIV,2,"",ABS,spontaneous_abortion_registry,ABS_6
ConCDM_SIM_200421_00449,20040801,ABS,TERAPIA,1,"",ABS,spontaneous_abortion_registry,ABS_6
ConCDM_SIM_200421_00449,20040801,ABS,TIPO,2,"",ABS,spontaneous_abortion_registry,ABS_6
ConCDM_SIM_200421_00449,20040801,ABS,TITSTU,2,"",ABS,spontaneous_abortion_registry,ABS_6
ConCDM_SIM_200421_00449,20040801,ABS,DATAINT,2004-08-01,"",ABS,spontaneous_abortion_registry,ABS_6
ConCDM_SIM_200421_00680,20091113,ABS,ABORTI,0,"",ABS,spontaneous_abortion_registry,ABS_7
ConCDM_SIM_200421_00680,20091113,ABS,ANONIMO,"","",ABS,spontaneous_abortion_registry,ABS_7
ConCDM_SIM_200421_00680,20091113,ABS,CAUSA,37,"",ABS,spontaneous_abortion_registry,ABS_7
ConCDM_SIM_200421_00680,20091113,ABS,CITTU_ARSNEW,235,"",ABS,spontaneous_abortion_registry,ABS_7
ConCDM_SIM_200421_00680,20091113,ABS,COMPLIC,1,"",ABS,spontaneous_abortion_registry,ABS_7
ConCDM_SIM_200421_00680,20091113,ABS,CONDPROF,1,"",ABS,spontaneous_abortion_registry,ABS_7
ConCDM_SIM_200421_00680,20091113,ABS,DEGENZA,0,"",ABS,spontaneous_abortion_registry,ABS_7
ConCDM_SIM_200421_00680,20091113,ABS,ETAMADRE_ARSNEW,26,"",ABS,spontaneous_abortion_registry,ABS_7
ConCDM_SIM_200421_00680,20091113,ABS,FIGLI,0,"",ABS,spontaneous_abortion_registry,ABS_7
ConCDM_SIM_200421_00680,20091113,ABS,IVG,0,"",ABS,spontaneous_abortion_registry,ABS_7
ConCDM_SIM_200421_00680,20091113,ABS,LUOGO,1,"",ABS,spontaneous_abortion_registry,ABS_7
ConCDM_SIM_200421_00680,20091113,ABS,METODO,9,"",ABS,spontaneous_abortion_registry,ABS_7
ConCDM_SIM_200421_00680,20091113,ABS,NATMORTI,0,"",ABS,spontaneous_abortion_registry,ABS_7
ConCDM_SIM_200421_00680,20091113,ABS,NATVIVI,0,"",ABS,spontaneous_abortion_registry,ABS_7
ConCDM_SIM_200421_00680,20091113,ABS,RAMATT,3,"",ABS,spontaneous_abortion_registry,ABS_7
ConCDM_SIM_200421_00680,20091113,ABS,RIPRASS,2,"",ABS,spontaneous_abortion_registry,ABS_7
ConCDM_SIM_200421_00680,20091113,ABS,SETTAMEN_ARSNEW,7,"",ABS,spontaneous_abortion_registry,ABS_7
ConCDM_SIM_200421_00680,20091113,ABS,STATCIV,1,"",ABS,spontaneous_abortion_registry,ABS_7
ConCDM_SIM_200421_00680,20091113,ABS,TERAPIA,1,"",ABS,spontaneous_abortion_registry,ABS_7
ConCDM_SIM_200421_00680,20091113,ABS,TIPO,2,"",ABS,spontaneous_abortion_registry,ABS_7
ConCDM_SIM_200421_00680,20091113,ABS,TITSTU,3,"",ABS,spontaneous_abortion_registry,ABS_7
ConCDM_SIM_200421_00680,20091113,ABS,DATAINT,2009-11-13,"",ABS,spontaneous_abortion_registry,ABS_7
ConCDM_SIM_200421_00705,20040122,ABS,ABORTI,1,"",ABS,spontaneous_abortion_registry,ABS_8
ConCDM_SIM_200421_00705,20040122,ABS,ANONIMO,"","",ABS,spontaneous_abortion_registry,ABS_8
ConCDM_SIM_200421_00705,20040122,ABS,CAUSA,36,"",ABS,spontaneous_abortion_registry,ABS_8
ConCDM_SIM_200421_00705,20040122,ABS,CITTU_ARSNEW,100,"",ABS,spontaneous_abortion_registry,ABS_8
ConCDM_SIM_200421_00705,20040122,ABS,COMPLIC,1,"",ABS,spontaneous_abortion_registry,ABS_8
ConCDM_SIM_200421_00705,20040122,ABS,CONDPROF,1,"",ABS,spontaneous_abortion_registry,ABS_8
ConCDM_SIM_200421_00705,20040122,ABS,DEGENZA,1,"",ABS,spontaneous_abortion_registry,ABS_8
ConCDM_SIM_200421_00705,20040122,ABS,ETAMADRE_ARSNEW,41,"",ABS,spontaneous_abortion_registry,ABS_8
ConCDM_SIM_200421_00705,20040122,ABS,FIGLI,3,"",ABS,spontaneous_abortion_registry,ABS_8
ConCDM_SIM_200421_00705,20040122,ABS,IVG,0,"",ABS,spontaneous_abortion_registry,ABS_8
ConCDM_SIM_200421_00705,20040122,ABS,LUOGO,1,"",ABS,spontaneous_abortion_registry,ABS_8
ConCDM_SIM_200421_00705,20040122,ABS,METODO,9,"",ABS,spontaneous_abortion_registry,ABS_8
ConCDM_SIM_200421_00705,20040122,ABS,NATMORTI,0,"",ABS,spontaneous_abortion_registry,ABS_8
ConCDM_SIM_200421_00705,20040122,ABS,NATVIVI,3,"",ABS,spontaneous_abortion_registry,ABS_8
ConCDM_SIM_200421_00705,20040122,ABS,RAMATT,3,"",ABS,spontaneous_abortion_registry,ABS_8
ConCDM_SIM_200421_00705,20040122,ABS,RIPRASS,2,"",ABS,spontaneous_abortion_registry,ABS_8
ConCDM_SIM_200421_00705,20040122,ABS,SETTAMEN_ARSNEW,9,"",ABS,spontaneous_abortion_registry,ABS_8
ConCDM_SIM_200421_00705,20040122,ABS,STATCIV,2,"",ABS,spontaneous_abortion_registry,ABS_8
ConCDM_SIM_200421_00705,20040122,ABS,TERAPIA,1,"",ABS,spontaneous_abortion_registry,ABS_8
ConCDM_SIM_200421_00705,20040122,ABS,TIPO,2,"",ABS,spontaneous_abortion_registry,ABS_8
ConCDM_SIM_200421_00705,20040122,ABS,TITSTU,3,"",ABS,spontaneous_abortion_registry,ABS_8
ConCDM_SIM_200421_00705,20040122,ABS,DATAINT,2004-01-22,"",ABS,spontaneous_abortion_registry,ABS_8
ConCDM_SIM_200421_00996,20051213,ABS,ABORTI,0,"",ABS,spontaneous_abortion_registry,ABS_10
ConCDM_SIM_200421_00996,20051213,ABS,ANONIMO,9,"",ABS,spontaneous_abortion_registry,ABS_10
ConCDM_SIM_200421_00996,20051213,ABS,CAUSA,36,"",ABS,spontaneous_abortion_registry,ABS_10
ConCDM_SIM_200421_00996,20051213,ABS,CITTU_ARSNEW,100,"",ABS,spontaneous_abortion_registry,ABS_10
ConCDM_SIM_200421_00996,20051213,ABS,COMPLIC,1,"",ABS,spontaneous_abortion_registry,ABS_10
ConCDM_SIM_200421_00996,20051213,ABS,CONDPROF,1,"",ABS,spontaneous_abortion_registry,ABS_10
ConCDM_SIM_200421_00996,20051213,ABS,DEGENZA,1,"",ABS,spontaneous_abortion_registry,ABS_10
ConCDM_SIM_200421_00996,20051213,ABS,ETAMADRE_ARSNEW,33,"",ABS,spontaneous_abortion_registry,ABS_10
ConCDM_SIM_200421_00996,20051213,ABS,FIGLI,0,"",ABS,spontaneous_abortion_registry,ABS_10
ConCDM_SIM_200421_00996,20051213,ABS,IVG,0,"",ABS,spontaneous_abortion_registry,ABS_10
ConCDM_SIM_200421_00996,20051213,ABS,LUOGO,1,"",ABS,spontaneous_abortion_registry,ABS_10
ConCDM_SIM_200421_00996,20051213,ABS,METODO,9,"",ABS,spontaneous_abortion_registry,ABS_10
ConCDM_SIM_200421_00996,20051213,ABS,NATMORTI,0,"",ABS,spontaneous_abortion_registry,ABS_10
ConCDM_SIM_200421_00996,20051213,ABS,NATVIVI,1,"",ABS,spontaneous_abortion_registry,ABS_10
ConCDM_SIM_200421_00996,20051213,ABS,RAMATT,4,"",ABS,spontaneous_abortion_registry,ABS_10
ConCDM_SIM_200421_00996,20051213,ABS,RIPRASS,2,"",ABS,spontaneous_abortion_registry,ABS_10
ConCDM_SIM_200421_00996,20051213,ABS,SETTAMEN_ARSNEW,1,"",ABS,spontaneous_abortion_registry,ABS_10
ConCDM_SIM_200421_00996,20051213,ABS,STATCIV,2,"",ABS,spontaneous_abortion_registry,ABS_10
ConCDM_SIM_200421_00996,20051213,ABS,TERAPIA,1,"",ABS,spontaneous_abortion_registry,ABS_10
ConCDM_SIM_200421_00996,20051213,ABS,TIPO,1,"",ABS,spontaneous_abortion_registry,ABS_10
ConCDM_SIM_200421_00996,20051213,ABS,TITSTU,3,"",ABS,spontaneous_abortion_registry,ABS_10
ConCDM_SIM_200421_00996,20051213,ABS,DATAINT,2005-12-13,"",ABS,spontaneous_abortion_registry,ABS_10
ConCDM_SIM_200421_00996,20100402,ABS,ABORTI,0,"",ABS,spontaneous_abortion_registry,ABS_9
ConCDM_SIM_200421_00996,20100402,ABS,ANONIMO,0,"",ABS,spontaneous_abortion_registry,ABS_9
ConCDM_SIM_200421_00996,20100402,ABS,CAUSA,36,"",ABS,spontaneous_abortion_registry,ABS_9
ConCDM_SIM_200421_00996,20100402,ABS,CITTU_ARSNEW,100,"",ABS,spontaneous_abortion_registry,ABS_9
ConCDM_SIM_200421_00996,20100402,ABS,COMPLIC,1,"",ABS,spontaneous_abortion_registry,ABS_9
ConCDM_SIM_200421_00996,20100402,ABS,CONDPROF,2,"",ABS,spontaneous_abortion_registry,ABS_9
ConCDM_SIM_200421_00996,20100402,ABS,DEGENZA,1,"",ABS,spontaneous_abortion_registry,ABS_9
ConCDM_SIM_200421_00996,20100402,ABS,ETAMADRE_ARSNEW,23,"",ABS,spontaneous_abortion_registry,ABS_9
ConCDM_SIM_200421_00996,20100402,ABS,FIGLI,0,"",ABS,spontaneous_abortion_registry,ABS_9
ConCDM_SIM_200421_00996,20100402,ABS,IVG,0,"",ABS,spontaneous_abortion_registry,ABS_9
ConCDM_SIM_200421_00996,20100402,ABS,LUOGO,1,"",ABS,spontaneous_abortion_registry,ABS_9
ConCDM_SIM_200421_00996,20100402,ABS,METODO,9,"",ABS,spontaneous_abortion_registry,ABS_9
ConCDM_SIM_200421_00996,20100402,ABS,NATMORTI,0,"",ABS,spontaneous_abortion_registry,ABS_9
ConCDM_SIM_200421_00996,20100402,ABS,NATVIVI,0,"",ABS,spontaneous_abortion_registry,ABS_9
ConCDM_SIM_200421_00996,20100402,ABS,RAMATT,0,"",ABS,spontaneous_abortion_registry,ABS_9
ConCDM_SIM_200421_00996,20100402,ABS,RIPRASS,2,"",ABS,spontaneous_abortion_registry,ABS_9
ConCDM_SIM_200421_00996,20100402,ABS,SETTAMEN_ARSNEW,11,"",ABS,spontaneous_abortion_registry,ABS_9
ConCDM_SIM_200421_00996,20100402,ABS,STATCIV,1,"",ABS,spontaneous_abortion_registry,ABS_9
ConCDM_SIM_200421_00996,20100402,ABS,TERAPIA,2,"",ABS,spontaneous_abortion_registry,ABS_9
ConCDM_SIM_200421_00996,20100402,ABS,TIPO,2,"",ABS,spontaneous_abortion_registry,ABS_9
ConCDM_SIM_200421_00996,20100402,ABS,TITSTU,3,"",ABS,spontaneous_abortion_registry,ABS_9
ConCDM_SIM_200421_00996,20100402,ABS,DATAINT,2010-04-02,"",ABS,spontaneous_abortion_registry,ABS_9
XXXXXX,20180717,ABS,ABORTI,0,"",ABS,spontaneous_abortion_registry,ABS_11
XXXXXX,20180717,ABS,ANONIMO,0,"",ABS,spontaneous_abortion_registry,ABS_11
XXXXXX,20180717,ABS,CAUSA,36,"",ABS,spontaneous_abortion_registry,ABS_11
XXXXXX,20180717,ABS,CITTU_ARSNEW,330,"",ABS,spontaneous_abortion_registry,ABS_11
XXXXXX,20180717,ABS,COMPLIC,1,"",ABS,spontaneous_abortion_registry,ABS_11
XXXXXX,20180717,ABS,CONDPROF,4,"",ABS,spontaneous_abortion_registry,ABS_11
XXXXXX,20180717,ABS,DEGENZA,0,"",ABS,spontaneous_abortion_registry,ABS_11
XXXXXX,20180717,ABS,ETAMADRE_ARSNEW,29,"",ABS,spontaneous_abortion_registry,ABS_11
XXXXXX,20180717,ABS,FIGLI,1,"",ABS,spontaneous_abortion_registry,ABS_11
XXXXXX,20180717,ABS,IVG,0,"",ABS,spontaneous_abortion_registry,ABS_11
XXXXXX,20180717,ABS,LUOGO,1,"",ABS,spontaneous_abortion_registry,ABS_11
XXXXXX,20180717,ABS,METODO,9,"",ABS,spontaneous_abortion_registry,ABS_11
XXXXXX,20180717,ABS,NATMORTI,0,"",ABS,spontaneous_abortion_registry,ABS_11
XXXXXX,20180717,ABS,NATVIVI,1,"",ABS,spontaneous_abortion_registry,ABS_11
XXXXXX,20180717,ABS,RAMATT,0,"",ABS,spontaneous_abortion_registry,ABS_11
XXXXXX,20180717,ABS,RIPRASS,2,"",ABS,spontaneous_abortion_registry,ABS_11
XXXXXX,20180717,ABS,SETTAMEN_ARSNEW,8,"",ABS,spontaneous_abortion_registry,ABS_11
XXXXXX,20180717,ABS,STATCIV,2,"",ABS,spontaneous_abortion_registry,ABS_11
XXXXXX,20180717,ABS,TERAPIA,6,"",ABS,spontaneous_abortion_registry,ABS_11
XXXXXX,20180717,ABS,TIPO,2,"",ABS,spontaneous_abortion_registry,ABS_11
XXXXXX,20180717,ABS,TITSTU,2,"",ABS,spontaneous_abortion_registry,ABS_11
XXXXXX,20180717,ABS,DATAINT,2018-07-17,"",ABS,spontaneous_abortion_registry,ABS_11
